Game_Id,Player Name,Player Position,playerId,Opponent,Opponent Position,opponentId,Matchup Minutes,partialPossessions,Player Points,ppm,ppp,Team Points,team_ppm,team_ppp,Matchup Assists,matchupThreePointersAttempted,matchupThreePointersMade,matchupFreeThrowsAttempted,matchupFieldGoalsMade,matchupFieldGoalsAttempted,matchupFieldGoalsPercentage,matchupFreeThrowsMade,shootingFouls,Player Height,Player Weight,Opponent Height,Opponent Weight,heightDiff,weightDiff,Avg Min,POSS_FGA
0022301215,Aaron Gordon,Forward,203932,Kobe Brown,Forward,1641738,0.28,1.9,0,0.0,0.0,2,7.14,1.05,0,0,0,0,0,0,0.0,0,0,203.2,235.0,200.66,250.0,2.54,-15.0,9.59,
0022301215,Aaron Gordon,Forward,203932,Paul George,Forward,202331,0.98,4.9,0,0.0,0.0,10,10.2,2.04,0,0,0,0,0,0,0.0,0,0,203.2,235.0,203.2,220.0,0.0,15.0,34.21,
0022301215,Aaron Gordon,Forward,203932,James Harden,Guard,201935,3.32,15.9,6,1.81,0.38,15,4.52,0.94,2,0,0,0,3,6,0.5,0,0,203.2,235.0,195.58,220.0,7.62,15.0,34.05,2.65
0022301215,Aaron Gordon,Forward,203932,Kawhi Leonard,Forward,202695,6.92,31.6,2,0.29,0.06,39,5.64,1.23,1,0,0,0,1,3,0.333,0,0,203.2,235.0,200.66,225.0,2.54,10.0,34.5,10.53
0022301215,Aaron Gordon,Forward,203932,Terance Mann,Guard-Forward,1629611,0.68,2.5,0,0.0,0.0,5,7.35,2.0,0,0,0,0,0,2,0.0,0,0,203.2,235.0,195.58,215.0,7.62,20.0,25.18,1.25
0022301215,Aaron Gordon,Forward,203932,Norman Powell,Guard,1626181,0.2,1.3,0,0.0,0.0,2,10.0,1.54,0,0,0,0,0,0,0.0,0,0,203.2,235.0,193.04,215.0,10.16,20.0,25.32,
0022301215,Aaron Gordon,Forward,203932,Daniel Theis,Forward-Center,1628464,0.22,1.3,0,0.0,0.0,0,0.0,0.0,0,0,0,0,0,0,0.0,0,0,203.2,235.0,203.2,245.0,0.0,-10.0,17.18,
0022301215,Aaron Gordon,Forward,203932,Ivica Zubac,Center,1627826,0.53,3.6,0,0.0,0.0,4,7.55,1.11,0,0,0,0,0,2,0.0,0,0,203.2,235.0,213.36,240.0,-10.16,-5.0,27.05,1.8
0022301224,Aaron Gordon,Forward,203932,Dillon Brooks,Guard-Forward,1628415,1.2,7.1,2,1.67,0.28,7,5.83,0.99,0,1,0,1,1,2,0.5,0,1,203.2,235.0,198.12,225.0,5.08,10.0,31.53,3.55
0022301224,Aaron Gordon,Forward,203932,Jalen Green,Guard,1630224,0.32,2.2,0,0.0,0.0,0,0.0,0.0,0,0,0,0,0,0,0.0,0,0,203.2,235.0,193.04,186.0,10.16,49.0,30.4,
0022301224,Aaron Gordon,Forward,203932,Jeff Green,Forward,201145,0.95,4.2,0,0.0,0.0,2,2.11,0.48,0,0,0,0,0,1,0.0,0,0,203.2,235.0,203.2,235.0,0.0,0.0,16.88,4.2
0022301224,Aaron Gordon,Forward,203932,Aaron Holiday,Guard,1628988,0.03,0.1,0,0.0,0.0,0,0.0,0.0,0,0,0,2,0,0,0.0,0,1,203.2,235.0,182.88,185.0,20.32,50.0,17.16,
0022301224,Aaron Gordon,Forward,203932,Alperen Sengun,Center,1630578,0.38,2.7,0,0.0,0.0,3,7.89,1.11,0,0,0,0,0,0,0.0,0,0,203.2,235.0,210.82,243.0,-7.62,-8.0,32.56,
0022301224,Aaron Gordon,Forward,203932,Jabari Smith Jr,Forward,1631095,5.4,22.5,0,0.0,0.0,24,4.44,1.07,1,0,0,0,0,1,0.0,0,0,203.2,235.0,210.82,220.0,-7.62,15.0,31.65,22.5
0022301224,Aaron Gordon,Forward,203932,Fred VanVleet,Guard,1627832,0.83,4.8,1,1.2,0.21,6,7.23,1.25,1,1,0,2,0,1,0.0,1,1,203.2,235.0,182.88,197.0,20.32,38.0,37.16,4.8
0022300006,Aaron Gordon,Forward,203932,Luka Doncic,Forward-Guard,1629029,2.35,10.7,4,1.7,0.37,17,7.23,1.59,0,0,0,0,2,3,0.667,0,0,203.2,235.0,200.66,230.0,2.54,5.0,37.33,3.57
0022300006,Aaron Gordon,Forward,203932,Josh Green,Guard,1630182,0.92,5.4,2,2.17,0.37,4,4.35,0.74,0,0,0,0,1,1,1.0,0,0,203.2,235.0,195.58,200.0,7.62,35.0,26.61,5.4
0022300006,Aaron Gordon,Forward,203932,Tim Hardaway Jr,Guard-Forward,203501,0.7,3.8,2,2.86,0.53,8,11.43,2.11,1,0,0,0,1,2,0.5,0,0,203.2,235.0,195.58,205.0,7.62,30.0,30.02,1.9
0022300006,Aaron Gordon,Forward,203932,Jaden Hardy,Guard,1630702,0.38,1.2,0,0.0,0.0,0,0.0,0.0,0,0,0,0,0,0,0.0,0,0,203.2,235.0,190.5,198.0,12.7,37.0,15.51,
0022300006,Aaron Gordon,Forward,203932,Kyrie Irving,Guard,202681,1.1,5.4,0,0.0,0.0,15,13.64,2.78,1,0,0,0,0,2,0.0,0,0,203.2,235.0,187.96,195.0,15.24,40.0,33.3,2.7
0022300006,Aaron Gordon,Forward,203932,Derrick Jones Jr,Forward,1627884,0.48,3.6,2,4.17,0.56,4,8.33,1.11,0,0,0,0,1,1,1.0,0,0,203.2,235.0,198.12,210.0,5.08,25.0,25.74,3.6
0022300006,Aaron Gordon,Forward,203932,Dereck Lively II,Center,1641726,4.33,20.0,3,0.69,0.15,20,4.62,1.0,2,3,1,0,1,4,0.25,0,0,203.2,235.0,215.9,230.0,-12.7,5.0,25.6,5.0
0022300006,Aaron Gordon,Forward,203932,Dwight Powell,Forward-Center,203939,1.55,6.8,0,0.0,0.0,8,5.16,1.18,0,2,0,0,0,2,0.0,0,0,203.2,235.0,208.28,240.0,-5.08,-5.0,15.95,3.4
0022300006,Aaron Gordon,Forward,203932,Olivier-Maxence Prosper,Forward,1641765,0.2,0.8,0,0.0,0.0,2,10.0,2.5,0,0,0,0,0,0,0.0,0,0,203.2,235.0,200.66,230.0,2.54,5.0,9.04,
0022300006,Aaron Gordon,Forward,203932,Grant Williams,Forward,1629684,2.4,11.6,0,0.0,0.0,14,5.83,1.21,1,0,0,0,0,1,0.0,0,0,203.2,235.0,198.12,236.0,5.08,-1.0,26.52,11.6
0022300024,Aaron Gordon,Forward,203932,Paul George,Forward,202331,1.23,7.5,0,0.0,0.0,3,2.44,0.4,0,0,0,0,0,0,0.0,0,0,203.2,235.0,203.2,220.0,0.0,15.0,34.21,
0022300024,Aaron Gordon,Forward,203932,James Harden,Guard,201935,2.0,9.8,6,3.0,0.61,12,6.0,1.22,0,0,0,0,3,3,1.0,0,0,203.2,235.0,195.58,220.0,7.62,15.0,34.05,3.27
0022300024,Aaron Gordon,Forward,203932,Kawhi Leonard,Forward,202695,6.57,36.2,7,1.07,0.19,36,5.48,0.99,1,1,1,0,3,3,1.0,0,0,203.2,235.0,200.66,225.0,2.54,10.0,34.5,12.07
0022300024,Aaron Gordon,Forward,203932,Terance Mann,Guard-Forward,1629611,1.93,8.5,2,1.04,0.24,15,7.77,1.76,0,0,0,0,1,1,1.0,0,0,203.2,235.0,195.58,215.0,7.62,20.0,25.18,8.5
0022300024,Aaron Gordon,Forward,203932,Norman Powell,Guard,1626181,0.37,3.1,3,8.11,0.97,5,13.51,1.61,1,1,0,1,1,2,0.5,1,1,203.2,235.0,193.04,215.0,10.16,20.0,25.32,1.55
0022300024,Aaron Gordon,Forward,203932,PJ Tucker,Forward,200782,1.8,7.7,0,0.0,0.0,10,5.56,1.3,2,0,0,0,0,1,0.0,0,0,203.2,235.0,195.58,245.0,7.62,-10.0,16.0,7.7
0022300024,Aaron Gordon,Forward,203932,Russell Westbrook,Guard,201566,0.57,4.2,3,5.26,0.71,7,12.28,1.67,0,1,1,0,1,1,1.0,0,0,203.2,235.0,193.04,200.0,10.16,35.0,22.98,4.2
0022300024,Aaron Gordon,Forward,203932,Ivica Zubac,Center,1627826,0.93,4.5,2,2.15,0.44,4,4.3,0.89,0,0,0,0,1,3,0.333,0,0,203.2,235.0,213.36,240.0,-10.16,-5.0,27.05,1.5
0022300034,Aaron Gordon,Forward,203932,Dyson Daniels,Guard,1630700,0.97,4.7,0,0.0,0.0,0,0.0,0.0,0,1,0,0,0,1,0.0,0,0,203.2,235.0,200.66,199.0,2.54,36.0,22.02,4.7
0022300034,Aaron Gordon,Forward,203932,Jordan Hawkins,Guard,1641722,0.52,2.0,0,0.0,0.0,2,3.85,1.0,0,0,0,0,0,0,0.0,0,0,203.2,235.0,195.58,190.0,7.62,45.0,21.9,
0022300034,Aaron Gordon,Forward,203932,Brandon Ingram,Forward,1627742,1.18,6.6,4,3.39,0.61,18,15.25,2.73,0,0,0,0,2,3,0.667,0,0,203.2,235.0,203.2,190.0,0.0,45.0,33.02,2.2
0022300034,Aaron Gordon,Forward,203932,Herbert Jones,Forward,1630529,2.53,13.5,2,0.79,0.15,10,3.95,0.74,0,0,0,0,1,2,0.5,0,0,203.2,235.0,200.66,206.0,2.54,29.0,28.51,6.75
0022300034,Aaron Gordon,Forward,203932,Naji Marshall,Forward,1630230,1.15,5.6,0,0.0,0.0,7,6.09,1.25,1,0,0,0,0,1,0.0,0,0,203.2,235.0,198.12,220.0,5.08,15.0,18.24,5.6
0022300034,Aaron Gordon,Forward,203932,Matt Ryan,Forward,1630346,0.37,3.2,0,0.0,0.0,7,18.92,2.19,0,0,0,0,0,0,0.0,0,0,203.2,235.0,198.12,215.0,5.08,20.0,23.0,
0022300034,Aaron Gordon,Forward,203932,Jonas Valanciunas,Center,202685,0.68,5.5,6,8.82,1.09,8,11.76,1.45,0,1,0,0,3,4,0.75,0,0,203.2,235.0,210.82,265.0,-7.62,-30.0,26.3,1.38
0022300034,Aaron Gordon,Forward,203932,Zion Williamson,Forward,1629627,7.12,36.5,4,0.56,0.11,43,6.04,1.18,1,2,0,2,2,4,0.5,0,1,203.2,235.0,198.12,284.0,5.08,-49.0,30.32,9.12
0022300034,Aaron Gordon,Forward,203932,Cody Zeller,Forward-Center,203469,0.03,0.4,0,0.0,0.0,0,0.0,0.0,0,0,0,0,0,0,0.0,0,0,203.2,235.0,210.82,240.0,-7.62,-5.0,8.27,
0022300048,Aaron Gordon,Forward,203932,Dillon Brooks,Guard-Forward,1628415,1.52,10.0,2,1.32,0.2,15,9.87,1.5,0,0,0,2,0,1,0.0,2,1,203.2,235.0,198.12,225.0,5.08,10.0,31.53,10.0
0022300048,Aaron Gordon,Forward,203932,Tari Eason,Forward,1631106,0.87,3.9,0,0.0,0.0,3,3.45,0.77,0,0,0,0,0,1,0.0,0,0,203.2,235.0,203.2,215.0,0.0,20.0,21.82,3.9
0022300048,Aaron Gordon,Forward,203932,Jalen Green,Guard,1630224,0.88,4.9,0,0.0,0.0,8,9.09,1.63,1,0,0,0,0,0,0.0,0,0,203.2,235.0,193.04,186.0,10.16,49.0,30.4,
0022300048,Aaron Gordon,Forward,203932,Jeff Green,Forward,201145,1.37,5.6,0,0.0,0.0,2,1.46,0.36,0,0,0,0,0,2,0.0,0,0,203.2,235.0,203.2,235.0,0.0,0.0,16.88,2.8
0022300048,Aaron Gordon,Forward,203932,Aaron Holiday,Guard,1628988,0.08,0.7,0,0.0,0.0,0,0.0,0.0,0,0,0,0,0,0,0.0,0,0,203.2,235.0,182.88,185.0,20.32,50.0,17.16,
0022300048,Aaron Gordon,Forward,203932,Alperen Sengun,Center,1630578,0.92,6.6,0,0.0,0.0,6,6.52,0.91,0,2,0,0,0,5,0.0,0,0,203.2,235.0,210.82,243.0,-7.62,-8.0,32.56,1.32
0022300048,Aaron Gordon,Forward,203932,Jabari Smith Jr,Forward,1631095,8.92,41.7,0,0.0,0.0,32,3.59,0.77,0,3,0,0,0,4,0.0,0,0,203.2,235.0,210.82,220.0,-7.62,15.0,31.65,10.42
0022300048,Aaron Gordon,Forward,203932,Jae'Sean Tate,Forward,1630256,0.55,2.4,0,0.0,0.0,4,7.27,1.67,0,0,0,0,0,1,0.0,0,0,203.2,235.0,193.04,230.0,10.16,5.0,18.4,2.4
0022300048,Aaron Gordon,Forward,203932,Fred VanVleet,Guard,1627832,1.53,8.9,0,0.0,0.0,11,7.19,1.24,1,0,0,2,0,2,0.0,0,1,203.2,235.0,182.88,197.0,20.32,38.0,37.16,4.45
0022300061,Aaron Gordon,Forward,203932,Anthony Davis,Forward-Center,203076,1.62,9.6,2,1.23,0.21,15,9.26,1.56,2,0,0,0,1,1,1.0,0,0,203.2,235.0,208.28,253.0,-5.08,-18.0,36.07,9.6
0022300061,Aaron Gordon,Forward,203932,Rui Hachimura,Forward,1629060,1.15,6.3,2,1.74,0.32,7,6.09,1.11,0,0,0,0,1,2,0.5,0,0,203.2,235.0,203.2,230.0,0.0,5.0,22.82,3.15
0022300061,Aaron Gordon,Forward,203932,LeBron James,Forward,2544,7.35,30.8,7,0.95,0.23,37,5.03,1.2,1,2,1,0,3,5,0.6,0,0,203.2,235.0,205.74,250.0,-2.54,-15.0,34.67,6.16
0022300061,Aaron Gordon,Forward,203932,Taurean Prince,Forward,1627752,0.6,3.4,0,0.0,0.0,5,8.33,1.47,0,0,0,0,0,1,0.0,0,0,203.2,235.0,198.12,218.0,5.08,17.0,30.55,3.4
0022300061,Aaron Gordon,Forward,203932,Austin Reaves,Guard,1630559,0.98,5.6,2,2.04,0.36,11,11.22,1.96,1,0,0,0,1,1,1.0,0,0,203.2,235.0,195.58,197.0,7.62,38.0,30.51,5.6
0022300061,Aaron Gordon,Forward,203932,Cam Reddish,Forward-Guard,1629629,0.9,3.3,0,0.0,0.0,4,4.44,1.21,0,0,0,0,0,0,0.0,0,0,203.2,235.0,200.66,217.0,2.54,18.0,23.29,
0022300061,Aaron Gordon,Forward,203932,D'Angelo Russell,Guard,1626156,0.78,5.5,2,2.56,0.36,8,10.26,1.45,0,0,0,0,1,1,1.0,0,0,203.2,235.0,190.5,193.0,12.7,42.0,30.56,5.5
0022300061,Aaron Gordon,Forward,203932,Gabe Vincent,Guard,1629216,0.5,3.3,2,4.0,0.61,7,14.0,2.12,0,0,0,0,1,1,1.0,0,0,203.2,235.0,187.96,200.0,15.24,35.0,25.6,3.3
0022300061,Aaron Gordon,Forward,203932,Christian Wood,Forward,1626174,0.6,3.4,0,0.0,0.0,9,15.0,2.65,1,0,0,0,0,0,0.0,0,0,203.2,235.0,203.2,214.0,0.0,21.0,18.24,
0022300078,Aaron Gordon,Forward,203932,Desmond Bane,Guard,1630217,1.17,6.3,2,1.71,0.32,7,5.98,1.11,0,0,0,0,1,1,1.0,0,0,203.2,235.0,195.58,215.0,7.62,20.0,34.54,6.3
0022300078,Aaron Gordon,Forward,203932,Jaren Jackson Jr,Forward-Center,1628991,4.18,19.0,4,0.96,0.21,15,3.59,0.79,1,0,0,0,2,4,0.5,0,0,203.2,235.0,208.28,242.0,-5.08,-7.0,31.75,4.75
0022300078,Aaron Gordon,Forward,203932,John Konchar,Guard,1629723,0.42,5.1,0,0.0,0.0,2,4.76,0.39,0,0,0,0,0,1,0.0,0,0,203.2,235.0,195.58,210.0,7.62,25.0,18.08,5.1
0022300078,Aaron Gordon,Forward,203932,Jake LaRavia,Forward,1631222,0.03,0.2,0,0.0,0.0,2,66.67,10.0,0,0,0,0,0,0,0.0,0,0,203.2,235.0,200.66,235.0,2.54,0.0,11.09,
0022300078,Aaron Gordon,Forward,203932,David Roddy,Forward,1631223,2.78,14.3,2,0.72,0.14,23,8.27,1.61,0,0,0,1,1,2,0.5,0,1,203.2,235.0,193.04,255.0,10.16,-20.0,22.74,7.15
0022300078,Aaron Gordon,Forward,203932,Derrick Rose,Guard,201565,0.08,0.4,0,0.0,0.0,0,0.0,0.0,0,0,0,0,0,1,0.0,0,0,203.2,235.0,190.5,200.0,12.7,35.0,17.88,0.4
0022300078,Aaron Gordon,Forward,203932,Marcus Smart,Guard,203935,2.33,12.4,0,0.0,0.0,14,6.01,1.13,0,1,0,0,0,1,0.0,0,0,203.2,235.0,190.5,220.0,12.7,15.0,30.15,12.4
0022300078,Aaron Gordon,Forward,203932,Xavier Tillman,Forward,1630214,0.67,4.1,0,0.0,0.0,2,2.99,0.49,1,1,0,0,0,2,0.0,0,0,203.2,235.0,200.66,245.0,2.54,-10.0,20.18,2.05
0022300078,Aaron Gordon,Forward,203932,Ziaire Williams,Forward,1630533,0.87,4.5,0,0.0,0.0,10,11.49,2.22,0,0,0,0,0,3,0.0,0,0,203.2,235.0,205.74,185.0,-2.54,50.0,18.86,1.5
0022300095,Aaron Gordon,Forward,203932,Luguentz Dort,Guard,1629652,1.35,6.2,4,2.96,0.65,16,11.85,2.58,0,0,0,0,2,3,0.667,0,0,203.2,235.0,193.04,220.0,10.16,15.0,28.36,2.07
0022300095,Aaron Gordon,Forward,203932,Josh Giddey,Guard,1630581,0.62,3.0,0,0.0,0.0,4,6.45,1.33,0,0,0,0,0,0,0.0,0,0,203.2,235.0,203.2,216.0,0.0,19.0,24.89,
0022300095,Aaron Gordon,Forward,203932,Shai Gilgeous-Alexander,Guard,1628983,1.47,7.4,7,4.76,0.95,15,10.2,2.03,0,0,0,3,3,3,1.0,1,2,203.2,235.0,198.12,195.0,5.08,40.0,34.22,2.47
0022300095,Aaron Gordon,Forward,203932,Chet Holmgren,Center-Forward,1631096,0.57,3.9,0,0.0,0.0,2,3.51,0.51,0,1,0,0,0,1,0.0,0,0,203.2,235.0,215.9,208.0,-12.7,27.0,30.0,3.9
0022300095,Aaron Gordon,Forward,203932,Isaiah Joe,Guard,1630198,0.15,0.4,0,0.0,0.0,0,0.0,0.0,0,0,0,0,0,0,0.0,0,0,203.2,235.0,190.5,165.0,12.7,70.0,18.85,
0022300095,Aaron Gordon,Forward,203932,Vasilije Micic,Guard,203995,0.2,1.5,0,0.0,0.0,2,10.0,1.33,0,0,0,0,0,0,0.0,0,0,203.2,235.0,190.5,188.0,12.7,47.0,12.04,
0022300095,Aaron Gordon,Forward,203932,Cason Wallace,Guard,1641717,0.08,1.0,0,0.0,0.0,2,25.0,2.0,0,0,0,0,0,0,0.0,0,0,203.2,235.0,190.5,195.0,12.7,40.0,21.15,
0022300095,Aaron Gordon,Forward,203932,Aaron Wiggins,Guard,1630598,0.3,1.2,2,6.67,1.67,2,6.67,1.67,0,0,0,0,1,1,1.0,0,0,203.2,235.0,195.58,190.0,7.62,45.0,13.07,1.2
0022300095,Aaron Gordon,Forward,203932,Jalen Williams,Guard-Forward,1631114,5.28,23.7,0,0.0,0.0,37,7.01,1.56,1,0,0,0,0,2,0.0,0,0,203.2,235.0,195.58,211.0,7.62,24.0,31.95,11.85
0022300110,Aaron Gordon,Forward,203932,Ochai Agbaji,Guard,1630534,0.08,1.6,0,0.0,0.0,0,0.0,0.0,0,0,0,0,0,0,0.0,0,0,203.2,235.0,195.58,215.0,7.62,20.0,19.96,
0022300110,Aaron Gordon,Forward,203932,Jordan Clarkson,Guard,203903,0.65,5.6,2,3.08,0.36,7,10.77,1.25,0,0,0,0,1,2,0.5,0,0,203.2,235.0,190.5,194.0,12.7,41.0,30.19,2.8
0022300110,Aaron Gordon,Forward,203932,John Collins,Forward-Center,1628381,6.37,30.0,5,0.78,0.17,29,4.55,0.97,1,0,0,2,2,2,1.0,1,0,203.2,235.0,205.74,226.0,-2.54,9.0,27.67,15.0
0022300110,Aaron Gordon,Forward,203932,Kris Dunn,Guard,1627739,0.12,0.4,0,0.0,0.0,0,0.0,0.0,0,0,0,0,0,0,0.0,0,0,203.2,235.0,190.5,205.0,12.7,30.0,17.59,
0022300110,Aaron Gordon,Forward,203932,Keyonte George,Guard,1641718,0.53,3.8,4,7.55,1.05,8,15.09,2.11,0,0,0,0,2,3,0.667,0,0,203.2,235.0,193.04,185.0,10.16,50.0,24.22,1.27
0022300110,Aaron Gordon,Forward,203932,Talen Horton-Tucker,Guard,1629659,1.7,8.7,2,1.18,0.23,7,4.12,0.8,0,0,0,0,1,2,0.5,0,0,203.2,235.0,193.04,234.0,10.16,1.0,21.45,4.35
0022300110,Aaron Gordon,Forward,203932,Walker Kessler,Center,1631117,2.22,10.2,0,0.0,0.0,13,5.86,1.27,1,0,0,0,0,0,0.0,0,0,203.2,235.0,213.36,245.0,-10.16,-10.0,23.49,
0022300110,Aaron Gordon,Forward,203932,Lauri Markkanen,Forward-Center,1628374,1.35,6.7,4,2.96,0.6,13,9.63,1.94,0,0,0,0,2,2,1.0,0,0,203.2,235.0,213.36,240.0,-10.16,-5.0,32.65,3.35
0022300110,Aaron Gordon,Forward,203932,Kelly Olynyk,Forward-Center,203482,1.05,5.8,10,9.52,1.72,16,15.24,2.76,0,0,0,0,5,6,0.833,0,0,203.2,235.0,210.82,240.0,-7.62,-5.0,20.62,0.97
0022300110,Aaron Gordon,Forward,203932,Collin Sexton,Guard,1629012,0.02,0.2,0,0.0,0.0,0,0.0,0.0,0,0,0,0,0,0,0.0,0,0,203.2,235.0,190.5,190.0,12.7,45.0,24.23,
0022300123,Aaron Gordon,Forward,203932,Kyle Anderson,Forward-Guard,203937,0.02,0.1,0,0.0,0.0,0,0.0,0.0,0,0,0,0,0,0,0.0,0,0,203.2,235.0,205.74,230.0,-2.54,5.0,22.37,
0022300123,Aaron Gordon,Forward,203932,Mike Conley,Guard,201144,0.55,2.7,0,0.0,0.0,2,3.64,0.74,0,0,0,0,0,0,0.0,0,0,203.2,235.0,182.88,175.0,20.32,60.0,29.19,
0022300123,Aaron Gordon,Forward,203932,Anthony Edwards,Guard,1630162,0.32,2.5,0,0.0,0.0,0,0.0,0.0,0,0,0,0,0,0,0.0,0,0,203.2,235.0,193.04,225.0,10.16,10.0,34.93,
0022300123,Aaron Gordon,Forward,203932,Rudy Gobert,Center,203497,5.52,21.9,4,0.72,0.18,23,4.17,1.05,1,0,0,0,2,2,1.0,0,0,203.2,235.0,215.9,258.0,-12.7,-23.0,33.09,10.95
0022300123,Aaron Gordon,Forward,203932,Jaden McDaniels,Forward,1630183,0.37,1.8,0,0.0,0.0,1,2.7,0.56,0,0,0,0,0,0,0.0,0,0,203.2,235.0,205.74,185.0,-2.54,50.0,28.81,
0022300123,Aaron Gordon,Forward,203932,Shake Milton,Guard-Forward,1629003,0.02,0.2,0,0.0,0.0,0,0.0,0.0,0,0,0,0,0,0,0.0,0,0,203.2,235.0,195.58,205.0,7.62,30.0,13.36,
0022300123,Aaron Gordon,Forward,203932,Naz Reid,Center-Forward,1629675,0.22,1.0,0,0.0,0.0,0,0.0,0.0,0,0,0,0,0,0,0.0,0,0,203.2,235.0,205.74,264.0,-2.54,-29.0,22.37,
0022300123,Aaron Gordon,Forward,203932,Karl-Anthony Towns,Center-Forward,1626157,0.68,4.6,0,0.0,0.0,2,2.94,0.43,0,0,0,0,0,0,0.0,0,0,203.2,235.0,213.36,248.0,-10.16,-13.0,33.13,
0022300139,Aaron Gordon,Forward,203932,Onuralp Bitim,Forward,1641931,0.13,0.3,0,0.0,0.0,3,23.08,10.0,0,0,0,0,0,0,0.0,0,0,203.2,235.0,198.12,215.0,5.08,20.0,3.0,
0022300139,Aaron Gordon,Forward,203932,Jevon Carter,Guard,1628975,0.35,2.2,0,0.0,0.0,4,11.43,1.82,0,0,0,0,0,0,0.0,0,0,203.2,235.0,185.42,200.0,17.78,35.0,13.89,
0022300139,Aaron Gordon,Forward,203932,Alex Caruso,Guard,1627936,0.65,4.5,1,1.54,0.22,2,3.08,0.44,0,0,0,2,0,0,0.0,1,1,203.2,235.0,195.58,186.0,7.62,49.0,26.05,
0022300139,Aaron Gordon,Forward,203932,Torrey Craig,Forward,1628470,1.6,10.0,2,1.25,0.2,15,9.38,1.5,1,0,0,0,1,1,1.0,0,0,203.2,235.0,195.58,221.0,7.62,14.0,21.26,10.0
0022300139,Aaron Gordon,Forward,203932,DeMar DeRozan,Guard-Forward,201942,4.87,28.4,6,1.23,0.21,40,8.21,1.41,1,2,1,4,1,2,0.5,3,2,203.2,235.0,198.12,220.0,5.08,15.0,37.31,14.2
0022300139,Aaron Gordon,Forward,203932,Andre Drummond,Center,203083,0.42,1.8,0,0.0,0.0,0,0.0,0.0,0,0,0,0,0,1,0.0,0,0,203.2,235.0,210.82,279.0,-7.62,-44.0,15.87,1.8
0022300139,Aaron Gordon,Forward,203932,Zach LaVine,Guard,203897,0.95,6.9,2,2.11,0.29,8,8.42,1.16,1,0,0,2,0,1,0.0,2,1,203.2,235.0,195.58,200.0,7.62,35.0,34.88,6.9
0022300139,Aaron Gordon,Forward,203932,Julian Phillips,Forward,1641763,0.03,0.1,0,0.0,0.0,0,0.0,0.0,0,0,0,0,0,0,0.0,0,0,203.2,235.0,203.2,198.0,0.0,37.0,5.3,
0022300139,Aaron Gordon,Forward,203932,Terry Taylor,Forward,1630678,0.13,0.3,0,0.0,0.0,0,0.0,0.0,0,0,0,0,0,0,0.0,0,0,203.2,235.0,193.04,230.0,10.16,5.0,6.75,
0022300139,Aaron Gordon,Forward,203932,Nikola Vucevic,Center,202696,0.68,4.6,0,0.0,0.0,8,11.76,1.74,0,0,0,0,0,1,0.0,0,0,203.2,235.0,208.28,260.0,-5.08,-25.0,33.88,4.6
0022300139,Aaron Gordon,Forward,203932,Coby White,Guard,1629632,0.25,2.4,0,0.0,0.0,4,16.0,1.67,1,0,0,0,0,0,0.0,0,0,203.2,235.0,195.58,195.0,7.62,40.0,35.89,
0022300139,Aaron Gordon,Forward,203932,Patrick Williams,Forward,1630172,2.73,14.4,2,0.73,0.14,18,6.59,1.25,2,1,0,0,1,2,0.5,0,0,203.2,235.0,200.66,215.0,2.54,20.0,27.3,7.2
0022300156,Aaron Gordon,Forward,203932,Dyson Daniels,Guard,1630700,0.28,2.1,0,0.0,0.0,6,21.43,2.86,0,0,0,0,0,0,0.0,0,0,203.2,235.0,200.66,199.0,2.54,36.0,22.02,
0022300156,Aaron Gordon,Forward,203932,Jordan Hawkins,Guard,1641722,0.98,7.8,4,4.08,0.51,17,17.35,2.18,0,1,0,0,2,3,0.667,0,0,203.2,235.0,195.58,190.0,7.62,45.0,21.9,2.6
0022300156,Aaron Gordon,Forward,203932,Brandon Ingram,Forward,1627742,1.05,7.2,4,3.81,0.56,10,9.52,1.39,0,0,0,0,2,3,0.667,0,0,203.2,235.0,203.2,190.0,0.0,45.0,33.02,2.4
0022300156,Aaron Gordon,Forward,203932,Herbert Jones,Forward,1630529,1.5,8.4,4,2.67,0.48,8,5.33,0.95,0,0,0,0,2,2,1.0,0,0,203.2,235.0,200.66,206.0,2.54,29.0,28.51,4.2
0022300156,Aaron Gordon,Forward,203932,Kira Lewis Jr,Guard,1630184,0.43,2.6,0,0.0,0.0,2,4.65,0.77,0,1,0,0,0,1,0.0,0,0,203.2,235.0,185.42,170.0,17.78,65.0,9.06,2.6
0022300156,Aaron Gordon,Forward,203932,Larry Nance Jr,Forward-Center,1626204,1.8,8.4,2,1.11,0.24,9,5.0,1.07,2,0,0,0,1,1,1.0,0,0,203.2,235.0,203.2,245.0,0.0,-10.0,17.72,8.4
0022300156,Aaron Gordon,Forward,203932,Matt Ryan,Forward,1630346,0.52,2.0,0,0.0,0.0,7,13.46,3.5,1,0,0,0,0,0,0.0,0,0,203.2,235.0,198.12,215.0,5.08,20.0,23.0,
0022300156,Aaron Gordon,Forward,203932,Jonas Valanciunas,Center,202685,0.32,1.5,0,0.0,0.0,0,0.0,0.0,0,0,0,0,0,0,0.0,0,0,203.2,235.0,210.82,265.0,-7.62,-30.0,26.3,
0022300156,Aaron Gordon,Forward,203932,Zion Williamson,Forward,1629627,7.88,35.8,2,0.25,0.06,35,4.44,0.98,3,0,0,0,1,2,0.5,0,0,203.2,235.0,198.12,284.0,5.08,-49.0,30.32,17.9
0022300156,Aaron Gordon,Forward,203932,Cody Zeller,Forward-Center,203469,0.12,0.4,2,16.67,5.0,2,16.67,5.0,0,0,0,0,1,1,1.0,0,0,203.2,235.0,210.82,240.0,-7.62,-5.0,8.27,0.4
0022300169,Aaron Gordon,Forward,203932,Stephen Curry,Guard,201939,0.5,2.8,2,4.0,0.71,9,18.0,3.21,0,0,0,2,0,2,0.0,2,1,203.2,235.0,187.96,185.0,15.24,50.0,33.45,1.4
0022300169,Aaron Gordon,Forward,203932,Trayce Jackson-Davis,Forward,1631218,1.78,9.4,0,0.0,0.0,8,4.49,0.85,2,0,0,0,0,0,0.0,0,0,203.2,235.0,205.74,245.0,-2.54,-10.0,14.28,
0022300169,Aaron Gordon,Forward,203932,Jonathan Kuminga,Forward,1630228,0.25,1.7,0,0.0,0.0,0,0.0,0.0,0,0,0,0,0,0,0.0,0,0,203.2,235.0,200.66,225.0,2.54,10.0,24.0,
0022300169,Aaron Gordon,Forward,203932,Kevon Looney,Forward,1626172,0.52,3.1,4,7.69,1.29,6,11.54,1.94,0,0,0,0,2,4,0.5,0,0,203.2,235.0,205.74,222.0,-2.54,13.0,19.77,0.78
0022300169,Aaron Gordon,Forward,203932,Moses Moody,Guard,1630541,0.02,0.3,0,0.0,0.0,2,100.0,6.67,0,0,0,0,0,0,0.0,0,0,203.2,235.0,195.58,211.0,7.62,24.0,18.09,
0022300169,Aaron Gordon,Forward,203932,Chris Paul,Guard,101108,0.13,0.8,0,0.0,0.0,2,15.38,2.5,0,0,0,0,0,0,0.0,0,0,203.2,235.0,182.88,175.0,20.32,60.0,27.59,
0022300169,Aaron Gordon,Forward,203932,Brandin Podziemski,Guard,1641764,0.2,0.9,0,0.0,0.0,2,10.0,2.22,0,0,0,0,0,0,0.0,0,0,203.2,235.0,193.04,205.0,10.16,30.0,24.57,
0022300169,Aaron Gordon,Forward,203932,Dario Saric,Forward-Center,203967,6.95,32.0,5,0.72,0.16,41,5.9,1.28,0,2,1,0,2,5,0.4,0,0,203.2,235.0,208.28,225.0,-5.08,10.0,20.51,6.4
0022300169,Aaron Gordon,Forward,203932,Klay Thompson,Guard,202691,1.98,12.3,2,1.01,0.16,11,5.56,0.89,1,0,0,0,1,4,0.25,0,0,203.2,235.0,198.12,220.0,5.08,15.0,30.83,3.08
0022300169,Aaron Gordon,Forward,203932,Andrew Wiggins,Forward,203952,0.9,5.7,2,2.22,0.35,7,7.78,1.23,0,0,0,0,1,4,0.25,0,0,203.2,235.0,200.66,197.0,2.54,38.0,26.9,1.42
0022300182,Aaron Gordon,Forward,203932,Dillon Brooks,Guard-Forward,1628415,2.0,12.4,1,0.5,0.08,17,8.5,1.37,0,0,0,2,0,1,0.0,1,1,203.2,235.0,198.12,225.0,5.08,10.0,31.53,12.4
0022300182,Aaron Gordon,Forward,203932,Tari Eason,Forward,1631106,0.15,0.5,0,0.0,0.0,2,13.33,4.0,0,0,0,0,0,0,0.0,0,0,203.2,235.0,203.2,215.0,0.0,20.0,21.82,
0022300182,Aaron Gordon,Forward,203932,Jalen Green,Guard,1630224,0.5,2.3,0,0.0,0.0,2,4.0,0.87,0,0,0,0,0,0,0.0,0,0,203.2,235.0,193.04,186.0,10.16,49.0,30.4,
0022300182,Aaron Gordon,Forward,203932,Jeff Green,Forward,201145,3.67,17.5,2,0.54,0.11,22,5.99,1.26,2,0,0,0,1,1,1.0,0,0,203.2,235.0,203.2,235.0,0.0,0.0,16.88,17.5
0022300182,Aaron Gordon,Forward,203932,Aaron Holiday,Guard,1628988,0.65,3.5,2,3.08,0.57,6,9.23,1.71,0,0,0,2,0,0,0.0,2,1,203.2,235.0,182.88,185.0,20.32,50.0,17.16,
0022300182,Aaron Gordon,Forward,203932,Alperen Sengun,Center,1630578,0.35,2.2,4,11.43,1.82,4,11.43,1.82,0,0,0,0,2,2,1.0,0,0,203.2,235.0,210.82,243.0,-7.62,-8.0,32.56,1.1
0022300182,Aaron Gordon,Forward,203932,Jabari Smith Jr,Forward,1631095,5.25,24.8,5,0.95,0.2,24,4.57,0.97,1,2,1,0,2,4,0.5,0,0,203.2,235.0,210.82,220.0,-7.62,15.0,31.65,6.2
0022300182,Aaron Gordon,Forward,203932,Jae'Sean Tate,Forward,1630256,2.08,9.6,2,0.96,0.21,10,4.81,1.04,0,0,0,0,1,2,0.5,0,0,203.2,235.0,193.04,230.0,10.16,5.0,18.4,4.8
0022300182,Aaron Gordon,Forward,203932,Fred VanVleet,Guard,1627832,1.45,6.8,2,1.38,0.29,8,5.52,1.18,1,0,0,0,1,1,1.0,0,0,203.2,235.0,182.88,197.0,20.32,38.0,37.16,6.8
0022300210,Aaron Gordon,Forward,203932,Jarrett Allen,Center,1628386,1.73,10.2,2,1.16,0.2,13,7.51,1.27,0,0,0,2,0,3,0.0,2,1,203.2,235.0,205.74,243.0,-2.54,-8.0,30.37,3.4
0022300210,Aaron Gordon,Forward,203932,Darius Garland,Guard,1629636,0.55,3.6,0,0.0,0.0,3,5.45,0.83,0,0,0,0,0,0,0.0,0,0,203.2,235.0,185.42,192.0,17.78,43.0,34.0,
0022300210,Aaron Gordon,Forward,203932,Sam Merrill,Guard,1630241,0.23,1.0,0,0.0,0.0,0,0.0,0.0,0,0,0,0,0,0,0.0,0,0,203.2,235.0,193.04,205.0,10.16,30.0,16.68,
0022300210,Aaron Gordon,Forward,203932,Evan Mobley,Center,1630596,6.72,31.5,3,0.45,0.1,37,5.51,1.17,3,1,0,4,1,3,0.333,1,2,203.2,235.0,210.82,215.0,-7.62,20.0,33.52,10.5
0022300210,Aaron Gordon,Forward,203932,Georges Niang,Forward,1627777,1.42,8.9,2,1.41,0.22,11,7.75,1.24,1,1,0,0,1,2,0.5,0,0,203.2,235.0,200.66,230.0,2.54,5.0,22.28,4.45
0022300210,Aaron Gordon,Forward,203932,Craig Porter Jr,Guard,1641854,0.2,1.7,0,0.0,0.0,2,10.0,1.18,1,0,0,0,0,0,0.0,0,0,203.2,235.0,185.42,180.0,17.78,55.0,16.0,
0022300210,Aaron Gordon,Forward,203932,Max Strus,Guard-Forward,1629622,0.57,4.3,2,3.51,0.47,4,7.02,0.93,0,0,0,0,1,2,0.5,0,0,203.2,235.0,195.58,215.0,7.62,20.0,33.09,2.15
0022300210,Aaron Gordon,Forward,203932,Dean Wade,Forward-Center,1629731,0.97,4.8,2,2.06,0.42,14,14.43,2.92,0,0,0,0,1,1,1.0,0,0,203.2,235.0,205.74,228.0,-2.54,7.0,22.17,4.8
0022300218,Aaron Gordon,Forward,203932,Marvin Bagley III,Forward,1628963,3.03,15.9,4,1.32,0.25,17,5.61,1.07,3,1,0,0,2,4,0.5,0,0,203.2,235.0,208.28,235.0,-5.08,0.0,19.72,3.98
0022300218,Aaron Gordon,Forward,203932,Alec Burks,Guard,202692,0.23,0.9,0,0.0,0.0,0,0.0,0.0,0,0,0,0,0,0,0.0,0,0,203.2,235.0,195.58,214.0,7.62,21.0,20.59,
0022300218,Aaron Gordon,Forward,203932,Cade Cunningham,Guard,1630595,0.52,4.3,0,0.0,0.0,5,9.62,1.16,1,0,0,0,0,1,0.0,0,0,203.2,235.0,198.12,220.0,5.08,15.0,34.49,4.3
0022300218,Aaron Gordon,Forward,203932,Killian Hayes,Guard,1630165,0.2,0.9,0,0.0,0.0,2,10.0,2.22,0,0,0,0,0,0,0.0,0,0,203.2,235.0,195.58,195.0,7.62,40.0,23.9,
0022300218,Aaron Gordon,Forward,203932,Jaden Ivey,Guard,1631093,0.77,3.4,0,0.0,0.0,3,3.9,0.88,0,0,0,0,0,1,0.0,0,0,203.2,235.0,193.04,195.0,10.16,40.0,26.69,3.4
0022300218,Aaron Gordon,Forward,203932,Isaiah Livers,Forward,1630587,0.37,3.0,0,0.0,0.0,4,10.81,1.33,0,0,0,0,0,0,0.0,0,0,203.2,235.0,198.12,232.0,5.08,3.0,20.39,
0022300218,Aaron Gordon,Forward,203932,Marcus Sasser,Guard,1631204,0.12,0.7,2,16.67,2.86,2,16.67,2.86,0,0,0,0,1,1,1.0,0,0,203.2,235.0,187.96,195.0,15.24,40.0,15.49,0.7
0022300218,Aaron Gordon,Forward,203932,Isaiah Stewart,Forward-Center,1630191,8.45,38.2,4,0.47,0.1,38,4.5,0.99,2,0,0,2,1,6,0.167,2,1,203.2,235.0,203.2,250.0,0.0,-15.0,30.6,6.37
0022300218,Aaron Gordon,Forward,203932,Ausar Thompson,Guard-Forward,1641709,0.77,5.4,2,2.6,0.37,4,5.19,0.74,0,0,0,1,1,1,1.0,0,1,203.2,235.0,198.12,205.0,5.08,30.0,23.63,5.4
0022300218,Aaron Gordon,Forward,203932,Stanley Umude,Guard,1630649,0.78,4.5,0,0.0,0.0,3,3.85,0.67,1,0,0,0,0,0,0.0,0,0,203.2,235.0,198.12,210.0,5.08,25.0,10.27,
0022300218,Aaron Gordon,Forward,203932,James Wiseman,Center,1630164,0.05,0.2,0,0.0,0.0,0,0.0,0.0,0,0,0,0,0,0,0.0,0,0,203.2,235.0,210.82,240.0,-7.62,-5.0,14.59,
0022300226,Aaron Gordon,Forward,203932,Cole Anthony,Guard,1630175,0.77,3.5,2,2.6,0.57,2,2.6,0.57,0,0,0,0,1,3,0.333,0,0,203.2,235.0,187.96,185.0,15.24,50.0,23.93,1.17
0022300226,Aaron Gordon,Forward,203932,Paolo Banchero,Forward,1631094,9.97,44.3,5,0.5,0.11,59,5.92,1.33,1,1,1,0,2,6,0.333,0,0,203.2,235.0,208.28,250.0,-5.08,-15.0,34.76,7.38
0022300226,Aaron Gordon,Forward,203932,Goga Bitadze,Center-Forward,1629048,0.85,4.8,6,7.06,1.25,14,16.47,2.92,0,0,0,0,3,5,0.6,0,0,203.2,235.0,208.28,250.0,-5.08,-15.0,20.23,0.96
0022300226,Aaron Gordon,Forward,203932,Anthony Black,Guard,1641710,0.65,2.4,2,3.08,0.83,2,3.08,0.83,0,0,0,2,1,2,0.5,0,1,203.2,235.0,200.66,200.0,2.54,35.0,19.21,1.2
0022300226,Aaron Gordon,Forward,203932,Gary Harris,Guard,203914,0.07,1.3,0,0.0,0.0,0,0.0,0.0,0,0,0,0,0,0,0.0,0,0,203.2,235.0,193.04,210.0,10.16,25.0,22.81,
0022300226,Aaron Gordon,Forward,203932,Joe Ingles,Forward-Guard,204060,0.22,1.2,0,0.0,0.0,0,0.0,0.0,0,0,0,0,0,0,0.0,0,0,203.2,235.0,205.74,220.0,-2.54,15.0,18.19,
0022300226,Aaron Gordon,Forward,203932,Jonathan Isaac,Forward,1628371,0.92,3.0,0,0.0,0.0,3,3.26,1.0,1,0,0,0,0,0,0.0,0,0,203.2,235.0,208.28,230.0,-5.08,5.0,14.21,
0022300226,Aaron Gordon,Forward,203932,Jalen Suggs,Guard,1630591,0.67,4.4,0,0.0,0.0,7,10.45,1.59,0,1,0,0,0,1,0.0,0,0,203.2,235.0,195.58,205.0,7.62,30.0,26.33,4.4
0022300226,Aaron Gordon,Forward,203932,Franz Wagner,Forward,1630532,1.62,8.3,4,2.47,0.48,12,7.41,1.45,0,0,0,0,2,2,1.0,0,0,203.2,235.0,208.28,220.0,-5.08,15.0,33.03,4.15
0022300226,Aaron Gordon,Forward,203932,Moritz Wagner,Forward-Center,1629021,0.2,0.9,0,0.0,0.0,2,10.0,2.22,0,0,0,0,0,0,0.0,0,0,203.2,235.0,210.82,245.0,-7.62,-10.0,18.93,
0022300290,Aaron Gordon,Forward,203932,Harrison Barnes,Forward,203084,8.72,42.5,2,0.23,0.05,42,4.82,0.99,1,1,0,0,1,3,0.333,0,0,203.2,235.0,203.2,225.0,0.0,10.0,29.59,14.17
0022300290,Aaron Gordon,Forward,203932,Keon Ellis,Guard,1631165,0.05,0.2,0,0.0,0.0,0,0.0,0.0,0,0,0,0,0,0,0.0,0,0,203.2,235.0,190.5,175.0,12.7,60.0,12.14,
0022300290,Aaron Gordon,Forward,203932,De'Aaron Fox,Guard,1628368,0.75,5.6,7,9.33,1.25,12,16.0,2.14,0,2,1,0,3,4,0.75,0,0,203.2,235.0,190.5,185.0,12.7,50.0,35.63,1.4
0022300290,Aaron Gordon,Forward,203932,Kevin Huerter,Guard-Forward,1628989,1.03,8.1,4,3.88,0.49,11,10.68,1.36,0,0,0,0,2,4,0.5,0,0,203.2,235.0,200.66,198.0,2.54,37.0,24.31,2.02
0022300290,Aaron Gordon,Forward,203932,Trey Lyles,Forward,1626168,0.27,0.8,0,0.0,0.0,2,7.41,2.5,0,0,0,0,0,0,0.0,0,0,203.2,235.0,205.74,234.0,-2.54,1.0,20.0,
0022300290,Aaron Gordon,Forward,203932,JaVale McGee,Center-Forward,201580,0.08,0.2,0,0.0,0.0,0,0.0,0.0,0,0,0,0,0,0,0.0,0,0,203.2,235.0,213.36,270.0,-10.16,-35.0,8.24,
0022300290,Aaron Gordon,Forward,203932,Malik Monk,Guard,1628370,0.38,2.4,0,0.0,0.0,4,10.53,1.67,0,0,0,0,0,0,0.0,0,0,203.2,235.0,190.5,200.0,12.7,35.0,25.81,
0022300290,Aaron Gordon,Forward,203932,Keegan Murray,Forward,1631099,1.47,8.3,6,4.08,0.72,10,6.8,1.2,1,0,0,0,3,4,0.75,0,0,203.2,235.0,203.2,225.0,0.0,10.0,33.08,2.08
0022300290,Aaron Gordon,Forward,203932,Domantas Sabonis,Forward-Center,1627734,0.52,4.6,0,0.0,0.0,3,5.77,0.65,1,0,0,0,0,0,0.0,0,0,203.2,235.0,208.28,240.0,-5.08,-5.0,35.32,
0022300290,Aaron Gordon,Forward,203932,Sasha Vezenkov,Forward,1628426,0.23,1.7,2,8.7,1.18,4,17.39,2.35,0,0,0,0,1,1,1.0,0,0,203.2,235.0,203.2,225.0,0.0,10.0,12.61,1.7
0022300296,Aaron Gordon,Forward,203932,Saddiq Bey,Guard-Forward,1630180,5.88,30.7,2,0.34,0.07,39,6.63,1.27,1,0,0,0,1,2,0.5,0,0,203.2,235.0,200.66,215.0,2.54,20.0,32.57,15.35
0022300296,Aaron Gordon,Forward,203932,Bogdan Bogdanovic,Guard,203992,0.68,3.4,0,0.0,0.0,2,2.94,0.59,0,0,0,0,0,1,0.0,0,0,203.2,235.0,195.58,225.0,7.62,10.0,28.55,3.4
0022300296,Aaron Gordon,Forward,203932,Clint Capela,Center,203991,0.68,2.9,4,5.88,1.38,7,10.29,2.41,0,0,0,2,1,2,0.5,2,1,203.2,235.0,208.28,256.0,-5.08,-21.0,25.86,1.45
0022300296,Aaron Gordon,Forward,203932,Garrison Mathews,Guard,1629726,0.88,5.4,4,4.55,0.74,5,5.68,0.93,0,0,0,0,2,2,1.0,0,0,203.2,235.0,198.12,215.0,5.08,20.0,12.81,2.7
0022300296,Aaron Gordon,Forward,203932,Wesley Matthews,Guard,202083,0.17,1.6,0,0.0,0.0,3,17.65,1.88,0,0,0,0,0,0,0.0,0,0,203.2,235.0,195.58,220.0,7.62,15.0,11.21,
0022300296,Aaron Gordon,Forward,203932,Dejounte Murray,Guard,1627749,0.85,4.1,6,7.06,1.46,6,7.06,1.46,0,0,0,0,3,3,1.0,0,0,203.2,235.0,195.58,180.0,7.62,55.0,34.76,1.37
0022300296,Aaron Gordon,Forward,203932,Onyeka Okongwu,Forward-Center,1630168,1.75,6.8,5,2.86,0.74,11,6.29,1.62,0,0,0,1,2,3,0.667,1,1,203.2,235.0,208.28,240.0,-5.08,-5.0,24.64,2.27
0022300296,Aaron Gordon,Forward,203932,Trae Young,Guard,1629027,0.12,1.3,0,0.0,0.0,3,25.0,2.31,0,0,0,0,0,0,0.0,0,0,203.2,235.0,185.42,164.0,17.78,71.0,36.29,
0022300307,Aaron Gordon,Forward,203932,Jevon Carter,Guard,1628975,0.22,1.1,0,0.0,0.0,3,13.64,2.73,0,0,0,0,0,0,0.0,0,0,203.2,235.0,185.42,200.0,17.78,35.0,13.89,
0022300307,Aaron Gordon,Forward,203932,Torrey Craig,Forward,1628470,0.17,0.7,0,0.0,0.0,3,17.65,4.29,0,0,0,0,0,0,0.0,0,0,203.2,235.0,195.58,221.0,7.62,14.0,21.26,
0022300307,Aaron Gordon,Forward,203932,DeMar DeRozan,Guard-Forward,201942,4.87,19.1,5,1.03,0.26,22,4.52,1.15,2,2,1,0,2,3,0.667,0,0,203.2,235.0,198.12,220.0,5.08,15.0,37.31,6.37
0022300307,Aaron Gordon,Forward,203932,Ayo Dosunmu,Guard,1630245,0.67,2.6,0,0.0,0.0,6,8.96,2.31,0,0,0,0,0,1,0.0,0,0,203.2,235.0,195.58,200.0,7.62,35.0,23.67,2.6
0022300307,Aaron Gordon,Forward,203932,Julian Phillips,Forward,1641763,0.02,0.2,0,0.0,0.0,0,0.0,0.0,0,0,0,0,0,2,0.0,0,0,203.2,235.0,203.2,198.0,0.0,37.0,5.3,0.1
0022300307,Aaron Gordon,Forward,203932,Terry Taylor,Forward,1630678,0.33,1.0,0,0.0,0.0,0,0.0,0.0,0,0,0,0,0,0,0.0,0,0,203.2,235.0,193.04,230.0,10.16,5.0,6.75,
0022300307,Aaron Gordon,Forward,203932,Dalen Terry,Forward,1631207,0.05,0.3,0,0.0,0.0,0,0.0,0.0,0,0,0,0,0,0,0.0,0,0,203.2,235.0,200.66,195.0,2.54,40.0,9.71,
0022300307,Aaron Gordon,Forward,203932,Nikola Vucevic,Center,202696,1.83,9.0,1,0.55,0.11,12,6.56,1.33,1,0,0,2,0,1,0.0,1,1,203.2,235.0,208.28,260.0,-5.08,-25.0,33.88,9.0
0022300307,Aaron Gordon,Forward,203932,Coby White,Guard,1629632,0.85,3.7,4,4.71,1.08,8,9.41,2.16,2,0,0,0,2,2,1.0,0,0,203.2,235.0,195.58,195.0,7.62,40.0,35.89,1.85
0022300307,Aaron Gordon,Forward,203932,Patrick Williams,Forward,1630172,4.87,21.1,4,0.82,0.19,28,5.75,1.33,3,0,0,0,2,7,0.286,0,0,203.2,235.0,200.66,215.0,2.54,20.0,27.3,3.01
0022300322,Aaron Gordon,Forward,203932,Mikal Bridges,Guard-Forward,1628969,1.17,7.1,4,3.42,0.56,14,11.97,1.97,2,0,0,0,2,3,0.667,0,0,203.2,235.0,198.12,209.0,5.08,26.0,35.04,2.37
0022300322,Aaron Gordon,Forward,203932,Nic Claxton,Center,1629651,0.28,2.3,4,14.29,1.74,4,14.29,1.74,0,0,0,0,2,2,1.0,0,0,203.2,235.0,210.82,215.0,-7.62,20.0,29.89,1.15
0022300322,Aaron Gordon,Forward,203932,Spencer Dinwiddie,Guard,203915,2.4,11.6,2,0.83,0.17,13,5.42,1.12,0,0,0,0,1,2,0.5,0,0,203.2,235.0,195.58,215.0,7.62,20.0,30.65,5.8
0022300322,Aaron Gordon,Forward,203932,Dorian Finney-Smith,Forward,1627827,1.6,9.2,0,0.0,0.0,2,1.25,0.22,0,0,0,0,0,0,0.0,0,0,203.2,235.0,200.66,220.0,2.54,15.0,28.79,
0022300322,Aaron Gordon,Forward,203932,Cameron Johnson,Forward,1629661,0.62,5.7,0,0.0,0.0,2,3.23,0.35,0,0,0,0,0,0,0.0,0,0,203.2,235.0,203.2,210.0,0.0,25.0,28.31,
0022300322,Aaron Gordon,Forward,203932,Royce O'Neale,Forward,1626220,0.45,3.4,0,0.0,0.0,7,15.56,2.06,0,0,0,0,0,0,0.0,0,0,203.2,235.0,198.12,226.0,5.08,9.0,24.48,
0022300322,Aaron Gordon,Forward,203932,Day'Ron Sharpe,Center,1630549,0.68,4.4,2,2.94,0.45,5,7.35,1.14,1,0,0,0,1,2,0.5,0,0,203.2,235.0,205.74,265.0,-2.54,-30.0,16.03,2.2
0022300322,Aaron Gordon,Forward,203932,Cam Thomas,Guard,1630560,0.7,4.2,5,7.14,1.19,11,15.71,2.62,0,0,0,1,2,2,1.0,1,1,203.2,235.0,190.5,210.0,12.7,25.0,28.75,2.1
0022300322,Aaron Gordon,Forward,203932,Trendon Watford,Forward,1630570,0.95,7.0,0,0.0,0.0,11,11.58,1.57,0,0,0,0,0,0,0.0,0,0,203.2,235.0,203.2,237.0,0.0,-2.0,12.19,
0022300322,Aaron Gordon,Forward,203932,Jalen Wilson,Forward,1630592,0.03,0.1,0,0.0,0.0,0,0.0,0.0,0,0,0,0,0,0,0.0,0,0,203.2,235.0,198.12,220.0,5.08,15.0,9.64,
0022300340,Aaron Gordon,Forward,203932,Ousmane Dieng,Forward,1631172,0.12,0.3,2,16.67,6.67,2,16.67,6.67,0,0,0,0,1,2,0.5,0,0,203.2,235.0,205.74,185.0,-2.54,50.0,11.32,0.15
0022300340,Aaron Gordon,Forward,203932,Luguentz Dort,Guard,1629652,0.6,4.6,0,0.0,0.0,7,11.67,1.52,1,0,0,0,0,0,0.0,0,0,203.2,235.0,193.04,220.0,10.16,15.0,28.36,
0022300340,Aaron Gordon,Forward,203932,Josh Giddey,Guard,1630581,0.4,3.0,0,0.0,0.0,2,5.0,0.67,0,0,0,0,0,0,0.0,0,0,203.2,235.0,203.2,216.0,0.0,19.0,24.89,
0022300340,Aaron Gordon,Forward,203932,Shai Gilgeous-Alexander,Guard,1628983,1.83,8.0,4,2.19,0.5,6,3.28,0.75,0,0,0,1,2,3,0.667,0,1,203.2,235.0,198.12,195.0,5.08,40.0,34.22,2.67
0022300340,Aaron Gordon,Forward,203932,Chet Holmgren,Center-Forward,1631096,4.45,17.5,4,0.9,0.23,28,6.29,1.6,0,0,0,2,1,4,0.25,2,1,203.2,235.0,215.9,208.0,-12.7,27.0,30.0,4.38
0022300340,Aaron Gordon,Forward,203932,Isaiah Joe,Guard,1630198,1.02,4.0,2,1.96,0.5,10,9.8,2.5,0,0,0,2,0,1,0.0,2,0,203.2,235.0,190.5,165.0,12.7,70.0,18.85,4.0
0022300340,Aaron Gordon,Forward,203932,Cason Wallace,Guard,1641717,0.18,0.9,0,0.0,0.0,2,11.11,2.22,0,0,0,0,0,0,0.0,0,0,203.2,235.0,190.5,195.0,12.7,40.0,21.15,
0022300340,Aaron Gordon,Forward,203932,Aaron Wiggins,Guard,1630598,0.1,0.5,0,0.0,0.0,0,0.0,0.0,0,0,0,0,0,0,0.0,0,0,203.2,235.0,195.58,190.0,7.62,45.0,13.07,
0022300340,Aaron Gordon,Forward,203932,Jalen Williams,Guard-Forward,1631114,4.0,18.6,2,0.5,0.11,22,5.5,1.18,4,0,0,0,1,1,1.0,0,0,203.2,235.0,195.58,211.0,7.62,24.0,31.95,18.6
0022300340,Aaron Gordon,Forward,203932,Jaylin Williams,Forward,1631119,0.7,2.8,0,0.0,0.0,0,0.0,0.0,0,0,0,0,0,0,0.0,0,0,203.2,235.0,205.74,240.0,-2.54,-5.0,11.87,
0022300340,Aaron Gordon,Forward,203932,Kenrich Williams,Guard-Forward,1629026,1.65,8.4,2,1.21,0.24,9,5.45,1.07,1,0,0,2,0,0,0.0,2,1,203.2,235.0,198.12,210.0,5.08,25.0,15.03,
0022300356,Aaron Gordon,Forward,203932,Luka Doncic,Forward-Guard,1629029,1.57,7.8,5,3.18,0.64,16,10.19,2.05,0,1,1,2,1,2,0.5,2,1,203.2,235.0,200.66,230.0,2.54,5.0,37.33,3.9
0022300356,Aaron Gordon,Forward,203932,Dante Exum,Guard,203957,0.97,5.5,4,4.12,0.73,9,9.28,1.64,0,0,0,0,2,2,1.0,0,0,203.2,235.0,195.58,214.0,7.62,21.0,19.75,2.75
0022300356,Aaron Gordon,Forward,203932,Tim Hardaway Jr,Guard-Forward,203501,1.2,4.6,2,1.67,0.43,9,7.5,1.96,1,0,0,0,1,1,1.0,0,0,203.2,235.0,195.58,205.0,7.62,30.0,30.02,4.6
0022300356,Aaron Gordon,Forward,203932,Jaden Hardy,Guard,1630702,0.17,0.6,2,11.76,3.33,2,11.76,3.33,0,0,0,2,0,0,0.0,2,1,203.2,235.0,190.5,198.0,12.7,37.0,15.51,
0022300356,Aaron Gordon,Forward,203932,Derrick Jones Jr,Forward,1627884,0.88,7.1,2,2.27,0.28,6,6.82,0.85,0,1,0,0,1,2,0.5,0,0,203.2,235.0,198.12,210.0,5.08,25.0,25.74,3.55
0022300356,Aaron Gordon,Forward,203932,Markieff Morris,Forward,202693,0.3,1.6,0,0.0,0.0,3,10.0,1.88,0,0,0,0,0,0,0.0,0,0,203.2,235.0,205.74,245.0,-2.54,-10.0,9.44,
0022300356,Aaron Gordon,Forward,203932,Dwight Powell,Forward-Center,203939,0.35,2.2,0,0.0,0.0,7,20.0,3.18,1,0,0,0,0,0,0.0,0,0,203.2,235.0,208.28,240.0,-5.08,-5.0,15.95,
0022300356,Aaron Gordon,Forward,203932,Grant Williams,Forward,1629684,3.87,18.5,3,0.78,0.16,9,2.33,0.49,0,1,1,0,1,1,1.0,0,0,203.2,235.0,198.12,236.0,5.08,-1.0,26.52,18.5
0022300369,Aaron Gordon,Forward,203932,Precious Achiuwa,Forward,1630173,0.42,1.5,0,0.0,0.0,8,19.05,5.33,0,0,0,0,0,0,0.0,0,0,203.2,235.0,203.2,243.0,0.0,-8.0,16.79,
0022300369,Aaron Gordon,Forward,203932,OG Anunoby,Forward-Guard,1628384,1.32,5.9,2,1.52,0.34,5,3.79,0.85,0,0,0,0,1,1,1.0,0,0,203.2,235.0,200.66,240.0,2.54,-5.0,34.2,5.9
0022300369,Aaron Gordon,Forward,203932,Scottie Barnes,Forward-Guard,1630567,3.87,14.2,2,0.52,0.14,14,3.62,0.99,0,0,0,0,1,1,1.0,0,0,203.2,235.0,200.66,237.0,2.54,-2.0,35.22,14.2
0022300369,Aaron Gordon,Forward,203932,Chris Boucher,Forward,1628449,0.08,0.2,0,0.0,0.0,0,0.0,0.0,0,0,0,0,0,0,0.0,0,0,203.2,235.0,205.74,200.0,-2.54,35.0,14.21,
0022300369,Aaron Gordon,Forward,203932,Jakob Poeltl,Center,1627751,2.27,11.8,2,0.88,0.17,15,6.61,1.27,0,0,0,0,1,3,0.333,0,0,203.2,235.0,213.36,260.0,-10.16,-25.0,26.53,3.93
0022300369,Aaron Gordon,Forward,203932,Dennis Schroder,Guard,203471,0.93,5.1,0,0.0,0.0,12,12.9,2.35,1,0,0,0,0,0,0.0,0,0,203.2,235.0,185.42,175.0,17.78,60.0,30.96,
0022300369,Aaron Gordon,Forward,203932,Pascal Siakam,Forward,1627783,3.92,20.6,6,1.53,0.29,23,5.87,1.12,1,1,0,0,3,4,0.75,0,0,203.2,235.0,203.2,245.0,0.0,-10.0,34.44,5.15
0022300369,Aaron Gordon,Forward,203932,Gary Trent Jr,Guard,1629018,0.25,1.9,0,0.0,0.0,4,16.0,2.11,0,0,0,0,0,0,0.0,0,0,203.2,235.0,195.58,204.0,7.62,31.0,25.95,
0022300390,Aaron Gordon,Forward,203932,Miles Bridges,Forward,1628970,5.77,29.2,11,1.91,0.38,30,5.2,1.03,0,0,0,3,4,8,0.5,3,2,203.2,235.0,200.66,225.0,2.54,10.0,37.09,3.65
0022300390,Aaron Gordon,Forward,203932,Gordon Hayward,Forward,202330,1.35,8.1,3,2.22,0.37,11,8.15,1.36,0,0,0,2,1,2,0.5,1,1,203.2,235.0,200.66,225.0,2.54,10.0,31.92,4.05
0022300390,Aaron Gordon,Forward,203932,Cody Martin,Forward,1628998,0.15,0.6,0,0.0,0.0,0,0.0,0.0,0,0,0,0,0,0,0.0,0,0,203.2,235.0,198.12,205.0,5.08,30.0,25.79,
0022300390,Aaron Gordon,Forward,203932,Bryce McGowens,Guard,1631121,0.3,2.2,0,0.0,0.0,0,0.0,0.0,0,0,0,0,0,1,0.0,0,0,203.2,235.0,198.12,175.0,5.08,60.0,16.51,2.2
0022300390,Aaron Gordon,Forward,203932,Nathan Mensah,Center,1641877,0.17,0.8,0,0.0,0.0,2,11.76,2.5,0,0,0,0,0,0,0.0,0,0,203.2,235.0,205.74,230.0,-2.54,5.0,13.74,
0022300390,Aaron Gordon,Forward,203932,Brandon Miller,Forward,1641706,0.48,2.8,0,0.0,0.0,6,12.5,2.14,0,0,0,0,0,4,0.0,0,0,203.2,235.0,200.66,200.0,2.54,35.0,30.61,0.7
0022300390,Aaron Gordon,Forward,203932,Nick Richards,Center,1630208,0.4,1.4,2,5.0,1.43,2,5.0,1.43,0,0,0,0,1,2,0.5,0,0,203.2,235.0,213.36,245.0,-10.16,-10.0,24.8,0.7
0022300390,Aaron Gordon,Forward,203932,Nick Smith Jr,Guard,1641733,0.43,3.3,0,0.0,0.0,2,4.65,0.61,0,0,0,0,0,0,0.0,0,0,203.2,235.0,187.96,185.0,15.24,50.0,15.24,
0022300390,Aaron Gordon,Forward,203932,Ish Smith,Guard,202397,0.55,3.6,0,0.0,0.0,5,9.09,1.39,1,0,0,0,0,0,0.0,0,0,203.2,235.0,182.88,175.0,20.32,60.0,16.78,
0022300390,Aaron Gordon,Forward,203932,PJ Washington,Forward,1629023,3.63,16.1,0,0.0,0.0,22,6.06,1.37,0,0,0,0,0,0,0.0,0,0,203.2,235.0,200.66,230.0,2.54,5.0,28.76,
0022300402,Aaron Gordon,Forward,203932,Stephen Curry,Guard,201939,0.73,5.1,2,2.74,0.39,12,16.44,2.35,0,0,0,0,1,1,1.0,0,0,203.2,235.0,187.96,185.0,15.24,50.0,33.45,5.1
0022300402,Aaron Gordon,Forward,203932,Trayce Jackson-Davis,Forward,1631218,0.15,0.7,2,13.33,2.86,2,13.33,2.86,0,0,0,0,1,1,1.0,0,0,203.2,235.0,205.74,245.0,-2.54,-10.0,14.28,0.7
0022300402,Aaron Gordon,Forward,203932,Jonathan Kuminga,Forward,1630228,3.97,19.3,7,1.76,0.36,31,7.81,1.61,1,2,1,0,3,4,0.75,0,0,203.2,235.0,200.66,225.0,2.54,10.0,24.0,4.82
0022300402,Aaron Gordon,Forward,203932,Kevon Looney,Forward,1626172,0.28,1.7,2,7.14,1.18,7,25.0,4.12,0,0,0,0,1,1,1.0,0,0,203.2,235.0,205.74,222.0,-2.54,13.0,19.77,1.7
0022300402,Aaron Gordon,Forward,203932,Moses Moody,Guard,1630541,0.08,1.6,0,0.0,0.0,2,25.0,1.25,0,0,0,0,0,0,0.0,0,0,203.2,235.0,195.58,211.0,7.62,24.0,18.09,
0022300402,Aaron Gordon,Forward,203932,Chris Paul,Guard,101108,0.17,1.1,0,0.0,0.0,0,0.0,0.0,0,0,0,0,0,0,0.0,0,0,203.2,235.0,182.88,175.0,20.32,60.0,27.59,
0022300402,Aaron Gordon,Forward,203932,Brandin Podziemski,Guard,1641764,0.37,3.1,0,0.0,0.0,7,18.92,2.26,0,0,0,0,0,0,0.0,0,0,203.2,235.0,193.04,205.0,10.16,30.0,24.57,
0022300402,Aaron Gordon,Forward,203932,Dario Saric,Forward-Center,203967,1.28,6.2,2,1.56,0.32,2,1.56,0.32,0,0,0,0,1,1,1.0,0,0,203.2,235.0,208.28,225.0,-5.08,10.0,20.51,6.2
0022300402,Aaron Gordon,Forward,203932,Klay Thompson,Guard,202691,5.37,24.7,2,0.37,0.08,18,3.35,0.73,1,2,0,0,1,3,0.333,0,0,203.2,235.0,198.12,220.0,5.08,15.0,30.83,8.23
0022300402,Aaron Gordon,Forward,203932,Andrew Wiggins,Forward,203952,1.02,6.4,2,1.96,0.31,6,5.88,0.94,0,0,0,2,1,1,1.0,0,1,203.2,235.0,200.66,197.0,2.54,38.0,26.9,6.4
0022300455,Aaron Gordon,Forward,203932,Miles Bridges,Forward,1628970,5.08,24.4,2,0.39,0.08,29,5.71,1.19,0,0,0,0,1,1,1.0,0,0,203.2,235.0,200.66,225.0,2.54,10.0,37.09,24.4
0022300455,Aaron Gordon,Forward,203932,Cody Martin,Forward,1628998,0.62,3.6,2,3.23,0.56,6,9.68,1.67,0,0,0,0,1,2,0.5,0,0,203.2,235.0,198.12,205.0,5.08,30.0,25.79,1.8
0022300455,Aaron Gordon,Forward,203932,Bryce McGowens,Guard,1631121,0.45,2.5,0,0.0,0.0,7,15.56,2.8,0,0,0,0,0,0,0.0,0,0,203.2,235.0,198.12,175.0,5.08,60.0,16.51,
0022300455,Aaron Gordon,Forward,203932,Brandon Miller,Forward,1641706,1.13,5.6,6,5.31,1.07,15,13.27,2.68,0,1,1,2,2,2,1.0,1,1,203.2,235.0,200.66,200.0,2.54,35.0,30.61,2.8
0022300455,Aaron Gordon,Forward,203932,Nick Richards,Center,1630208,0.27,0.9,0,0.0,0.0,0,0.0,0.0,0,0,0,0,0,0,0.0,0,0,203.2,235.0,213.36,245.0,-10.16,-10.0,24.8,
0022300455,Aaron Gordon,Forward,203932,Nick Smith Jr,Guard,1641733,0.07,0.3,0,0.0,0.0,0,0.0,0.0,0,0,0,0,0,0,0.0,0,0,203.2,235.0,187.96,185.0,15.24,50.0,15.24,
0022300455,Aaron Gordon,Forward,203932,Ish Smith,Guard,202397,0.62,3.7,0,0.0,0.0,3,4.84,0.81,0,0,0,0,0,0,0.0,0,0,203.2,235.0,182.88,175.0,20.32,60.0,16.78,
0022300455,Aaron Gordon,Forward,203932,PJ Washington,Forward,1629023,1.67,8.7,0,0.0,0.0,8,4.79,0.92,0,0,0,0,0,0,0.0,0,0,203.2,235.0,200.66,230.0,2.54,5.0,28.76,
0022300478,Aaron Gordon,Forward,203932,Stephen Curry,Guard,201939,1.18,6.5,4,3.39,0.62,14,11.86,2.15,0,0,0,0,2,2,1.0,0,0,203.2,235.0,187.96,185.0,15.24,50.0,33.45,3.25
0022300478,Aaron Gordon,Forward,203932,Trayce Jackson-Davis,Forward,1631218,1.43,7.6,8,5.59,1.05,10,6.99,1.32,0,0,0,3,3,5,0.6,2,2,203.2,235.0,205.74,245.0,-2.54,-10.0,14.28,1.52
0022300478,Aaron Gordon,Forward,203932,Jonathan Kuminga,Forward,1630228,1.63,8.1,2,1.23,0.25,15,9.2,1.85,0,0,0,0,1,2,0.5,0,0,203.2,235.0,200.66,225.0,2.54,10.0,24.0,4.05
0022300478,Aaron Gordon,Forward,203932,Kevon Looney,Forward,1626172,0.53,3.3,4,7.55,1.21,9,16.98,2.73,1,0,0,2,1,1,1.0,2,1,203.2,235.0,205.74,222.0,-2.54,13.0,19.77,3.3
0022300478,Aaron Gordon,Forward,203932,Chris Paul,Guard,101108,0.48,4.0,0,0.0,0.0,4,8.33,1.0,0,0,0,0,0,0,0.0,0,0,203.2,235.0,182.88,175.0,20.32,60.0,27.59,
0022300478,Aaron Gordon,Forward,203932,Brandin Podziemski,Guard,1641764,0.4,3.3,0,0.0,0.0,4,10.0,1.21,1,0,0,0,0,2,0.0,0,0,203.2,235.0,193.04,205.0,10.16,30.0,24.57,1.65
0022300478,Aaron Gordon,Forward,203932,Dario Saric,Forward-Center,203967,1.27,6.0,2,1.57,0.33,3,2.36,0.5,0,1,0,0,1,3,0.333,0,0,203.2,235.0,208.28,225.0,-5.08,10.0,20.51,2.0
0022300478,Aaron Gordon,Forward,203932,Klay Thompson,Guard,202691,5.8,27.5,10,1.72,0.36,35,6.03,1.27,0,3,2,0,4,6,0.667,0,0,203.2,235.0,198.12,220.0,5.08,15.0,30.83,4.58
0022300478,Aaron Gordon,Forward,203932,Andrew Wiggins,Forward,203952,0.55,3.6,4,7.27,1.11,8,14.55,2.22,0,0,0,0,2,2,1.0,0,0,203.2,235.0,200.66,197.0,2.54,38.0,26.9,1.8
0022300488,Aaron Gordon,Forward,203932,Cole Anthony,Guard,1630175,0.5,3.1,2,4.0,0.65,6,12.0,1.94,0,0,0,0,1,2,0.5,0,0,203.2,235.0,187.96,185.0,15.24,50.0,23.93,1.55
0022300488,Aaron Gordon,Forward,203932,Paolo Banchero,Forward,1631094,10.08,54.8,7,0.69,0.13,61,6.05,1.11,2,2,1,0,3,5,0.6,0,0,203.2,235.0,208.28,250.0,-5.08,-15.0,34.76,10.96
0022300488,Aaron Gordon,Forward,203932,Anthony Black,Guard,1641710,0.33,2.9,2,6.06,0.69,6,18.18,2.07,0,0,0,2,0,0,0.0,2,1,203.2,235.0,200.66,200.0,2.54,35.0,19.21,
0022300488,Aaron Gordon,Forward,203932,Caleb Houstan,Guard,1631216,0.62,3.2,2,3.23,0.62,2,3.23,0.62,0,0,0,0,1,1,1.0,0,0,203.2,235.0,203.2,205.0,0.0,30.0,15.64,3.2
0022300488,Aaron Gordon,Forward,203932,Chuma Okeke,Forward,1629643,0.37,2.8,3,8.11,1.07,5,13.51,1.79,0,2,1,0,1,2,0.5,0,0,203.2,235.0,200.66,229.0,2.54,6.0,12.79,1.4
0022300488,Aaron Gordon,Forward,203932,Trevelin Queen,Guard,1630243,0.28,1.4,2,7.14,1.43,5,17.86,3.57,0,0,0,0,1,1,1.0,0,0,203.2,235.0,195.58,190.0,7.62,45.0,12.92,1.4
0022300488,Aaron Gordon,Forward,203932,Jalen Suggs,Guard,1630591,0.6,5.0,1,1.67,0.2,5,8.33,1.0,1,0,0,2,0,0,0.0,1,0,203.2,235.0,195.58,205.0,7.62,30.0,26.33,
0022300488,Aaron Gordon,Forward,203932,Moritz Wagner,Forward-Center,1629021,0.77,3.9,0,0.0,0.0,2,2.6,0.51,0,0,0,0,0,0,0.0,0,0,203.2,235.0,210.82,245.0,-7.62,-10.0,18.93,
0022300502,Aaron Gordon,Forward,203932,Bojan Bogdanovic,Forward,202711,1.33,7.8,4,3.01,0.51,10,7.52,1.28,0,0,0,0,2,3,0.667,0,0,203.2,235.0,200.66,226.0,2.54,9.0,33.28,2.6
0022300502,Aaron Gordon,Forward,203932,Alec Burks,Guard,202692,0.13,0.7,0,0.0,0.0,0,0.0,0.0,0,0,0,0,0,0,0.0,0,0,203.2,235.0,195.58,214.0,7.62,21.0,20.59,
0022300502,Aaron Gordon,Forward,203932,Cade Cunningham,Guard,1630595,0.12,0.6,0,0.0,0.0,0,0.0,0.0,0,0,0,0,0,0,0.0,0,0,203.2,235.0,198.12,220.0,5.08,15.0,34.49,
0022300502,Aaron Gordon,Forward,203932,Jalen Duren,Center,1631105,0.33,1.5,0,0.0,0.0,6,18.18,4.0,1,0,0,0,0,0,0.0,0,0,203.2,235.0,208.28,250.0,-5.08,-15.0,29.9,
0022300502,Aaron Gordon,Forward,203932,Killian Hayes,Guard,1630165,1.12,4.0,3,2.68,0.75,9,8.04,2.25,0,0,0,1,1,1,1.0,1,1,203.2,235.0,195.58,195.0,7.62,40.0,23.9,4.0
0022300502,Aaron Gordon,Forward,203932,Jaden Ivey,Guard,1631093,0.28,2.1,0,0.0,0.0,7,25.0,3.33,0,0,0,0,0,0,0.0,0,0,203.2,235.0,193.04,195.0,10.16,40.0,26.69,
0022300502,Aaron Gordon,Forward,203932,Kevin Knox II,Forward,1628995,0.1,0.5,0,0.0,0.0,2,20.0,4.0,0,0,0,0,0,0,0.0,0,0,203.2,235.0,200.66,215.0,2.54,20.0,18.21,
0022300502,Aaron Gordon,Forward,203932,Isaiah Livers,Forward,1630587,5.13,22.2,0,0.0,0.0,27,5.26,1.22,0,0,0,0,0,0,0.0,0,0,203.2,235.0,198.12,232.0,5.08,3.0,20.39,
0022300524,Aaron Gordon,Forward,203932,Ochai Agbaji,Guard,1630534,0.17,1.7,2,11.76,1.18,4,23.53,2.35,0,0,0,0,1,1,1.0,0,0,203.2,235.0,195.58,215.0,7.62,20.0,19.96,1.7
0022300524,Aaron Gordon,Forward,203932,Jordan Clarkson,Guard,203903,0.63,4.4,2,3.17,0.45,7,11.11,1.59,0,0,0,0,1,1,1.0,0,0,203.2,235.0,190.5,194.0,12.7,41.0,30.19,4.4
0022300524,Aaron Gordon,Forward,203932,John Collins,Forward-Center,1628381,2.03,12.7,8,3.94,0.63,20,9.85,1.57,0,2,2,0,3,3,1.0,0,0,203.2,235.0,205.74,226.0,-2.54,9.0,27.67,4.23
0022300524,Aaron Gordon,Forward,203932,Kris Dunn,Guard,1627739,0.85,6.5,0,0.0,0.0,5,5.88,0.77,0,0,0,0,0,0,0.0,0,0,203.2,235.0,190.5,205.0,12.7,30.0,17.59,
0022300524,Aaron Gordon,Forward,203932,Simone Fontecchio,Forward,1631323,0.12,1.1,0,0.0,0.0,0,0.0,0.0,0,0,0,0,0,0,0.0,0,0,203.2,235.0,200.66,209.0,2.54,26.0,22.96,
0022300524,Aaron Gordon,Forward,203932,Keyonte George,Guard,1641718,0.15,1.4,0,0.0,0.0,0,0.0,0.0,0,0,0,0,0,0,0.0,0,0,203.2,235.0,193.04,185.0,10.16,50.0,24.22,
0022300524,Aaron Gordon,Forward,203932,Walker Kessler,Center,1631117,0.1,0.6,0,0.0,0.0,0,0.0,0.0,0,0,0,0,0,0,0.0,0,0,203.2,235.0,213.36,245.0,-10.16,-10.0,23.49,
0022300524,Aaron Gordon,Forward,203932,Lauri Markkanen,Forward-Center,1628374,5.9,28.8,0,0.0,0.0,29,4.92,1.01,1,0,0,0,0,0,0.0,0,0,203.2,235.0,213.36,240.0,-10.16,-5.0,32.65,
0022300524,Aaron Gordon,Forward,203932,Kelly Olynyk,Forward-Center,203482,1.07,4.8,0,0.0,0.0,4,3.74,0.83,2,0,0,0,0,0,0.0,0,0,203.2,235.0,210.82,240.0,-7.62,-5.0,20.62,
0022300524,Aaron Gordon,Forward,203932,Collin Sexton,Guard,1629012,0.47,2.4,0,0.0,0.0,5,10.64,2.08,1,0,0,0,0,0,0.0,0,0,203.2,235.0,190.5,190.0,12.7,45.0,24.23,
0022300539,Aaron Gordon,Forward,203932,Jose Alvarado,Guard,1630631,0.25,1.3,0,0.0,0.0,0,0.0,0.0,0,0,0,0,0,1,0.0,0,0,203.2,235.0,182.88,179.0,20.32,56.0,16.1,1.3
0022300539,Aaron Gordon,Forward,203932,Dyson Daniels,Guard,1630700,0.27,1.0,0,0.0,0.0,0,0.0,0.0,0,0,0,0,0,0,0.0,0,0,203.2,235.0,200.66,199.0,2.54,36.0,22.02,
0022300539,Aaron Gordon,Forward,203932,Brandon Ingram,Forward,1627742,1.28,5.8,3,2.34,0.52,10,7.81,1.72,1,0,0,2,1,1,1.0,1,1,203.2,235.0,203.2,190.0,0.0,45.0,33.02,5.8
0022300539,Aaron Gordon,Forward,203932,Herbert Jones,Forward,1630529,0.72,3.8,2,2.78,0.53,8,11.11,2.11,0,1,0,1,1,2,0.5,0,1,203.2,235.0,200.66,206.0,2.54,29.0,28.51,1.9
0022300539,Aaron Gordon,Forward,203932,Naji Marshall,Forward,1630230,0.95,5.9,2,2.11,0.34,7,7.37,1.19,0,0,0,0,1,3,0.333,0,0,203.2,235.0,198.12,220.0,5.08,15.0,18.24,1.97
0022300539,Aaron Gordon,Forward,203932,CJ McCollum,Guard,203468,0.47,1.9,2,4.26,1.05,3,6.38,1.58,0,0,0,0,1,1,1.0,0,0,203.2,235.0,190.5,190.0,12.7,45.0,31.72,1.9
0022300539,Aaron Gordon,Forward,203932,Trey Murphy III,Forward,1630530,0.25,1.3,2,8.0,1.54,5,20.0,3.85,0,0,0,0,1,1,1.0,0,0,203.2,235.0,203.2,206.0,0.0,29.0,25.67,1.3
0022300539,Aaron Gordon,Forward,203932,Larry Nance Jr,Forward-Center,1626204,0.18,0.5,2,11.11,4.0,4,22.22,8.0,0,0,0,0,1,1,1.0,0,0,203.2,235.0,203.2,245.0,0.0,-10.0,17.72,0.5
0022300539,Aaron Gordon,Forward,203932,Jonas Valanciunas,Center,202685,0.33,3.0,2,6.06,0.67,5,15.15,1.67,0,0,0,0,1,2,0.5,0,0,203.2,235.0,210.82,265.0,-7.62,-30.0,26.3,1.5
0022300539,Aaron Gordon,Forward,203932,Zion Williamson,Forward,1629627,7.88,37.1,0,0.0,0.0,43,5.46,1.16,2,1,0,0,0,2,0.0,0,0,203.2,235.0,198.12,284.0,5.08,-49.0,30.32,18.55
0022300550,Aaron Gordon,Forward,203932,Bruce Brown,Guard-Forward,1628971,0.77,4.3,7,9.09,1.63,9,11.69,2.09,0,0,0,1,3,3,1.0,1,1,203.2,235.0,193.04,202.0,10.16,33.0,29.34,1.43
0022300550,Aaron Gordon,Forward,203932,Buddy Hield,Guard,1627741,1.08,6.1,2,1.85,0.33,7,6.48,1.15,0,0,0,0,1,1,1.0,0,0,203.2,235.0,193.04,220.0,10.16,15.0,25.64,6.1
0022300550,Aaron Gordon,Forward,203932,Isaiah Jackson,Forward,1630543,2.18,9.5,0,0.0,0.0,15,6.88,1.58,0,0,0,0,0,1,0.0,0,0,203.2,235.0,205.74,205.0,-2.54,30.0,13.36,9.5
0022300550,Aaron Gordon,Forward,203932,Bennedict Mathurin,Guard-Forward,1631097,0.47,3.5,0,0.0,0.0,2,4.26,0.57,0,0,0,0,0,0,0.0,0,0,203.2,235.0,195.58,210.0,7.62,25.0,25.49,
0022300550,Aaron Gordon,Forward,203932,TJ McConnell,Guard,204456,0.35,2.0,0,0.0,0.0,5,14.29,2.5,0,0,0,0,0,0,0.0,0,0,203.2,235.0,185.42,190.0,17.78,45.0,17.05,
0022300550,Aaron Gordon,Forward,203932,Andrew Nembhard,Guard-Forward,1629614,0.28,2.4,0,0.0,0.0,2,7.14,0.83,0,0,0,0,0,0,0.0,0,0,203.2,235.0,193.04,191.0,10.16,44.0,21.82,
0022300550,Aaron Gordon,Forward,203932,Jordan Nwora,Forward,1629670,0.08,0.4,0,0.0,0.0,0,0.0,0.0,0,0,0,0,0,0,0.0,0,0,203.2,235.0,203.2,225.0,0.0,10.0,10.71,
0022300550,Aaron Gordon,Forward,203932,Jalen Smith,Forward-Center,1630188,2.5,11.8,4,1.6,0.34,13,5.2,1.1,0,0,0,2,1,1,1.0,2,1,203.2,235.0,205.74,215.0,-2.54,20.0,18.0,11.8
0022300550,Aaron Gordon,Forward,203932,Obi Toppin,Forward,1630167,4.7,22.9,1,0.21,0.04,25,5.32,1.09,0,1,0,2,0,1,0.0,1,0,203.2,235.0,205.74,220.0,-2.54,15.0,23.17,22.9
0022300550,Aaron Gordon,Forward,203932,Myles Turner,Center-Forward,1626167,2.1,10.7,2,0.95,0.19,18,8.57,1.68,2,0,0,0,1,2,0.5,0,0,203.2,235.0,210.82,250.0,-7.62,-15.0,27.49,5.35
0022300566,Aaron Gordon,Forward,203932,Nicolas Batum,Guard-Forward,201587,1.28,8.2,3,2.34,0.37,11,8.59,1.34,0,0,0,1,1,2,0.5,1,1,203.2,235.0,203.2,230.0,0.0,5.0,24.85,4.1
0022300566,Aaron Gordon,Forward,203932,Patrick Beverley,Guard,201976,0.45,2.8,2,4.44,0.71,5,11.11,1.79,1,0,0,0,1,1,1.0,0,0,203.2,235.0,187.96,180.0,15.24,55.0,19.05,2.8
0022300566,Aaron Gordon,Forward,203932,Joel Embiid,Center-Forward,203954,6.6,29.6,9,1.36,0.3,51,7.73,1.72,2,1,0,1,4,7,0.571,1,1,203.2,235.0,213.36,280.0,-10.16,-45.0,34.15,4.23
0022300566,Aaron Gordon,Forward,203932,Tobias Harris,Forward,202699,2.62,15.1,0,0.0,0.0,18,6.87,1.19,0,0,0,2,0,0,0.0,0,1,203.2,235.0,203.2,226.0,0.0,9.0,34.15,
0022300566,Aaron Gordon,Forward,203932,Furkan Korkmaz,Guard-Forward,1627788,0.05,0.1,0,0.0,0.0,0,0.0,0.0,0,0,0,0,0,0,0.0,0,0,203.2,235.0,200.66,202.0,2.54,33.0,7.1,
0022300566,Aaron Gordon,Forward,203932,Tyrese Maxey,Guard,1630178,0.75,4.2,0,0.0,0.0,9,12.0,2.14,0,0,0,0,0,1,0.0,0,0,203.2,235.0,187.96,200.0,15.24,35.0,37.4,4.2
0022300566,Aaron Gordon,Forward,203932,Marcus Morris Sr,Forward,202694,1.12,5.1,0,0.0,0.0,2,1.79,0.39,0,0,0,0,0,0,0.0,0,0,203.2,235.0,203.2,218.0,0.0,17.0,16.82,
0022300566,Aaron Gordon,Forward,203932,Kelly Oubre Jr,Forward-Guard,1626162,1.03,5.0,0,0.0,0.0,7,6.8,1.4,1,0,0,0,0,0,0.0,0,0,203.2,235.0,200.66,203.0,2.54,32.0,27.5,
0022300586,Aaron Gordon,Forward,203932,Jaylen Brown,Guard-Forward,1627759,1.3,7.5,1,0.77,0.13,6,4.62,0.8,0,0,0,2,0,0,0.0,1,1,203.2,235.0,198.12,223.0,5.08,12.0,33.16,
0022300586,Aaron Gordon,Forward,203932,Sam Hauser,Forward,1630573,0.25,1.0,0,0.0,0.0,2,8.0,2.0,0,0,0,0,0,0,0.0,0,0,203.2,235.0,200.66,217.0,2.54,18.0,21.56,
0022300586,Aaron Gordon,Forward,203932,Jrue Holiday,Guard,201950,5.37,19.3,0,0.0,0.0,18,3.35,0.93,2,0,0,0,0,1,0.0,0,0,203.2,235.0,193.04,205.0,10.16,30.0,33.57,19.3
0022300586,Aaron Gordon,Forward,203932,Al Horford,Center-Forward,201143,1.75,7.4,0,0.0,0.0,20,11.43,2.7,0,1,0,0,0,1,0.0,0,0,203.2,235.0,205.74,240.0,-2.54,-5.0,26.84,7.4
0022300586,Aaron Gordon,Forward,203932,Luke Kornet,Center-Forward,1628436,0.98,4.5,0,0.0,0.0,8,8.16,1.78,1,0,0,0,0,0,0.0,0,0,203.2,235.0,215.9,250.0,-12.7,-15.0,15.12,
0022300586,Aaron Gordon,Forward,203932,Kristaps Porzingis,Forward-Center,204001,3.77,17.2,0,0.0,0.0,15,3.98,0.87,0,1,0,0,0,2,0.0,0,0,203.2,235.0,218.44,240.0,-15.24,-5.0,29.76,8.6
0022300586,Aaron Gordon,Forward,203932,Payton Pritchard,Guard,1630202,0.42,1.7,0,0.0,0.0,5,11.9,2.94,1,0,0,0,0,0,0.0,0,0,203.2,235.0,185.42,195.0,17.78,40.0,21.11,
0022300586,Aaron Gordon,Forward,203932,Jayson Tatum,Forward-Guard,1628369,2.1,10.3,0,0.0,0.0,17,8.1,1.65,0,0,0,0,0,1,0.0,0,0,203.2,235.0,203.2,210.0,0.0,25.0,35.77,10.3
0022300586,Aaron Gordon,Forward,203932,Derrick White,Guard,1628401,1.45,6.2,0,0.0,0.0,13,8.97,2.1,0,0,0,0,0,1,0.0,0,0,203.2,235.0,193.04,190.0,10.16,45.0,31.95,6.2
0022300602,Aaron Gordon,Forward,203932,Deni Avdija,Forward,1630166,0.3,2.3,3,10.0,1.3,6,20.0,2.61,1,0,0,1,1,4,0.25,1,1,203.2,235.0,205.74,210.0,-2.54,25.0,27.47,0.57
0022300602,Aaron Gordon,Forward,203932,Marvin Bagley III,Forward,1628963,0.03,0.3,0,0.0,0.0,2,66.67,6.67,0,0,0,0,0,0,0.0,0,0,203.2,235.0,208.28,235.0,-5.08,0.0,19.72,
0022300602,Aaron Gordon,Forward,203932,Bilal Coulibaly,Guard,1641731,0.82,3.7,0,0.0,0.0,10,12.2,2.7,0,0,0,0,0,0,0.0,0,0,203.2,235.0,203.2,195.0,0.0,40.0,26.41,
0022300602,Aaron Gordon,Forward,203932,Daniel Gafford,Forward-Center,1629655,0.67,3.7,2,2.99,0.54,4,5.97,1.08,0,0,0,0,1,1,1.0,0,0,203.2,235.0,208.28,234.0,-5.08,1.0,26.2,3.7
0022300602,Aaron Gordon,Forward,203932,Tyus Jones,Guard,1626145,0.55,2.3,4,7.27,1.74,6,10.91,2.61,0,0,0,0,2,2,1.0,0,0,203.2,235.0,185.42,196.0,17.78,39.0,28.56,1.15
0022300602,Aaron Gordon,Forward,203932,Kyle Kuzma,Forward,1628398,9.48,45.7,4,0.42,0.09,49,5.17,1.07,1,0,0,6,1,5,0.2,2,1,203.2,235.0,205.74,221.0,-2.54,14.0,31.38,9.14
0022300602,Aaron Gordon,Forward,203932,Jordan Poole,Guard,1629673,0.55,2.9,0,0.0,0.0,5,9.09,1.72,1,0,0,0,0,0,0.0,0,0,203.2,235.0,193.04,194.0,10.16,41.0,29.11,
0022300602,Aaron Gordon,Forward,203932,Landry Shamet,Guard,1629013,0.1,1.1,0,0.0,0.0,0,0.0,0.0,0,0,0,0,0,0,0.0,0,0,203.2,235.0,193.04,190.0,10.16,45.0,15.17,
0022300602,Aaron Gordon,Forward,203932,Delon Wright,Guard,1626153,0.08,0.5,0,0.0,0.0,0,0.0,0.0,0,0,0,0,0,0,0.0,0,0,203.2,235.0,195.58,185.0,7.62,50.0,15.92,
0022300614,Aaron Gordon,Forward,203932,Buddy Hield,Guard,1627741,0.37,1.8,2,5.41,1.11,7,18.92,3.89,0,0,0,0,1,1,1.0,0,0,203.2,235.0,193.04,220.0,10.16,15.0,25.64,1.8
0022300614,Aaron Gordon,Forward,203932,Bennedict Mathurin,Guard-Forward,1631097,0.52,3.7,0,0.0,0.0,7,13.46,1.89,0,0,0,0,0,0,0.0,0,0,203.2,235.0,195.58,210.0,7.62,25.0,25.49,
0022300614,Aaron Gordon,Forward,203932,TJ McConnell,Guard,204456,0.1,0.4,0,0.0,0.0,0,0.0,0.0,0,0,0,0,0,0,0.0,0,0,203.2,235.0,185.42,190.0,17.78,45.0,17.05,
0022300614,Aaron Gordon,Forward,203932,Andrew Nembhard,Guard-Forward,1629614,0.48,3.7,2,4.17,0.54,7,14.58,1.89,0,0,0,2,0,0,0.0,2,1,203.2,235.0,193.04,191.0,10.16,44.0,21.82,
0022300614,Aaron Gordon,Forward,203932,Aaron Nesmith,Guard-Forward,1630174,1.15,4.4,0,0.0,0.0,10,8.7,2.27,0,0,0,0,0,1,0.0,0,0,203.2,235.0,198.12,215.0,5.08,20.0,26.19,4.4
0022300614,Aaron Gordon,Forward,203932,Ben Sheppard,Guard,1641767,0.12,0.3,0,0.0,0.0,0,0.0,0.0,0,0,0,0,0,0,0.0,0,0,203.2,235.0,198.12,190.0,5.08,45.0,10.32,
0022300614,Aaron Gordon,Forward,203932,Pascal Siakam,Forward,1627783,9.55,41.0,5,0.52,0.12,51,5.34,1.24,1,1,0,1,2,3,0.667,1,1,203.2,235.0,203.2,245.0,0.0,-10.0,34.44,13.67
0022300614,Aaron Gordon,Forward,203932,Obi Toppin,Forward,1630167,0.28,1.0,0,0.0,0.0,0,0.0,0.0,0,0,0,0,0,0,0.0,0,0,203.2,235.0,205.74,220.0,-2.54,15.0,23.17,
0022300614,Aaron Gordon,Forward,203932,Myles Turner,Center-Forward,1626167,0.87,4.9,2,2.3,0.41,5,5.75,1.02,0,0,0,0,1,1,1.0,0,0,203.2,235.0,210.82,250.0,-7.62,-15.0,27.49,4.9
0022300631,Aaron Gordon,Forward,203932,Precious Achiuwa,Forward,1630173,0.48,2.6,2,4.17,0.77,2,4.17,0.77,0,0,0,0,1,1,1.0,0,0,203.2,235.0,203.2,243.0,0.0,-8.0,16.79,2.6
0022300631,Aaron Gordon,Forward,203932,OG Anunoby,Forward-Guard,1628384,0.95,5.5,2,2.11,0.36,7,7.37,1.27,1,0,0,0,1,2,0.5,0,0,203.2,235.0,200.66,240.0,2.54,-5.0,34.2,2.75
0022300631,Aaron Gordon,Forward,203932,Jalen Brunson,Guard,1628973,0.4,2.3,0,0.0,0.0,2,5.0,0.87,0,0,0,0,0,0,0.0,0,0,203.2,235.0,187.96,190.0,15.24,45.0,35.73,
0022300631,Aaron Gordon,Forward,203932,Donte DiVincenzo,Guard,1628978,0.52,2.4,0,0.0,0.0,0,0.0,0.0,1,0,0,0,0,0,0.0,0,0,203.2,235.0,193.04,203.0,10.16,32.0,22.3,
0022300631,Aaron Gordon,Forward,203932,Quentin Grimes,Guard,1629656,0.05,0.7,0,0.0,0.0,0,0.0,0.0,0,0,0,0,0,0,0.0,0,0,203.2,235.0,195.58,210.0,7.62,25.0,19.98,
0022300631,Aaron Gordon,Forward,203932,Josh Hart,Guard,1628404,0.17,0.9,0,0.0,0.0,0,0.0,0.0,0,0,0,0,0,0,0.0,0,0,203.2,235.0,193.04,215.0,10.16,20.0,28.18,
0022300631,Aaron Gordon,Forward,203932,Miles McBride,Guard,1630540,0.02,0.1,0,0.0,0.0,0,0.0,0.0,0,0,0,0,0,0,0.0,0,0,203.2,235.0,185.42,195.0,17.78,40.0,9.82,
0022300631,Aaron Gordon,Forward,203932,Julius Randle,Forward-Center,203944,7.63,38.4,4,0.52,0.1,37,4.85,0.96,1,0,0,2,1,5,0.2,2,1,203.2,235.0,203.2,250.0,0.0,-15.0,35.39,7.68
0022300631,Aaron Gordon,Forward,203932,Jericho Sims,Center,1630579,0.83,3.9,2,2.41,0.51,4,4.82,1.03,0,0,0,0,1,1,1.0,0,0,203.2,235.0,208.28,250.0,-5.08,-15.0,7.82,3.9
0022300644,Aaron Gordon,Forward,203932,Nicolas Batum,Guard-Forward,201587,0.5,3.1,0,0.0,0.0,9,18.0,2.9,0,0,0,0,0,1,0.0,0,0,203.2,235.0,203.2,230.0,0.0,5.0,24.85,3.1
0022300644,Aaron Gordon,Forward,203932,Patrick Beverley,Guard,201976,1.13,6.2,2,1.77,0.32,4,3.54,0.65,0,0,0,0,1,1,1.0,0,0,203.2,235.0,187.96,180.0,15.24,55.0,19.05,6.2
0022300644,Aaron Gordon,Forward,203932,Danuel House Jr,Forward-Guard,1627863,0.62,3.2,8,12.9,2.5,8,12.9,2.5,0,1,1,2,3,3,1.0,1,1,203.2,235.0,198.12,220.0,5.08,15.0,14.17,1.07
0022300644,Aaron Gordon,Forward,203932,KJ Martin,Forward,1630231,0.97,4.0,0,0.0,0.0,4,4.12,1.0,0,0,0,0,0,0,0.0,0,0,203.2,235.0,198.12,215.0,5.08,20.0,8.2,
0022300644,Aaron Gordon,Forward,203932,Marcus Morris Sr,Forward,202694,2.47,11.5,5,2.02,0.43,16,6.48,1.39,1,2,1,0,2,3,0.667,0,0,203.2,235.0,203.2,218.0,0.0,17.0,16.82,3.83
0022300644,Aaron Gordon,Forward,203932,Kelly Oubre Jr,Forward-Guard,1626162,1.48,9.4,2,1.35,0.21,9,6.08,0.96,0,0,0,0,1,1,1.0,0,0,203.2,235.0,200.66,203.0,2.54,32.0,27.5,9.4
0022300644,Aaron Gordon,Forward,203932,Paul Reed,Forward,1630194,6.37,26.5,3,0.47,0.11,25,3.92,0.94,1,0,0,4,0,0,0.0,3,2,203.2,235.0,205.74,210.0,-2.54,25.0,16.05,
